id,innocent,sage,explorer,outlaw,magician,hero,lover,jester,everyman,caregiver,ruler,creator,dominant,submissive,maximalist,minimalist,inspiring,systematic,discovering,conservative,verifying,overlooking,sharpening,harmonic,empathic,matter_of_fact,brave,protective,generous,thrifty,favourable,balanced,sensuality,intelligent,believe,egocentric,allocentric
marek_grodzki,0,0,0,0,0,0,0,4,0,0,0,0,3,3,3,0,4,3,3,1,4,3,0,1,4,3,4,2,3,4,4,3,4,4,3,0,0
vege_style_life,0,0,4,0,0,0,0,0,0,0,0,0,1,3,1,3,4,1,4,3,3,3,1,1,4,0,4,4,4,4,4,3,3,3,2,0,3
oliwka__2007,0,0,0,0,0,0,0,0,4,0,0,0,0,4,0,3,1,0,3,4,0,4,0,3,4,3,1,2,2,0,3,1,2,4,1,0,3
z_przestrzeni_serca,4,0,0,0,0,0,0,0,0,0,0,0,4,1,0,4,4,3,1,1,4,1,0,4,4,0,3,4,3,0,4,4,3,4,4,0,1
zaradne_warsztaty,3,0,0,0,3,0,0,2,3,4,0,4,3,1,2,2,4,1,3,2,2,2,2,3,4,1,2,3,4,0,2,2,4,2,3,1,3
snatch.machine,0,1,3,3,2,4,0,1,2,0,3,1,3,1,4,1,3,4,3,1,2,2,3,2,1,2,4,1,2,1,3,1,1,2,1,3,1
z_ksiazka_na_obcasach,4,,,,,,3,,3,,,,1,3,4,0,4,3,4,1,3,1,0,4,4,0,1,4,4,1,3,4,4,4,4,0,4
marzena_kowalewska,3,,,,,,,,,4,,,4,0,4,1,3,3,4,1,3,1,1,3,4,1,3,4,3,3,4,3,1,4,3,1,4
moja_pasja_gotowanie,,,,,,,,4,3,,,,1,4,3,1,4,1,4,1,1,3,3,1,4,0,3,4,3,0,1,3,4,4,,1,4
miss.libro,,,,,,,3,,4,,,,0,3,0,3,3,0,3,1,3,0,0,4,4,0,1,3,3,1,0,3,3,3,4,0,3
windrosephotograph,,,,,,,4,,,,,,0,4,4,1,4,1,4,,1,4,1,4,4,0,4,1,4,1,,3,4,4,4,0,4
hemliighet,,,,,,4,,,4,,,,1,3,3,0,0,4,4,3,3,0,4,0,4,0,4,4,3,1,1,4,0,3,3,1,3
muzykujemy,4,,,,,,,,,4,,,3,0,3,0,4,1,3,1,,3,,4,4,1,4,4,4,1,3,1,0,4,4,0,4
komorek.dietetyk,,,3,,,,,,4,3,,,0,3,3,1,3,3,3,1,,3,0,4,4,0,1,4,4,1,0,4,0,4,4,1,3
ilona_browstylist,,,,,,,3,,3,,,3,1,4,1,4,4,4,3,1,3,1,0,4,4,3,3,4,3,0,,4,,4,3,0,3
pracownia.lepiej,,,,,,,,3,,,,4,1,3,1,4,4,0,3,1,4,0,0,4,1,3,1,3,3,0,3,3,3,4,4,0,3
fachowydekarz,,,,,,,,,,3,3,,4,0,4,0,4,4,3,1,3,1,3,0,4,3,3,4,3,0,,3,0,4,4,1,4
karmiciel,4,,,,,,,,3,4,,,4,0,3,1,4,3,3,1,3,1,1,4,4,3,3,4,4,1,3,3,1,4,4,0,3
oskyyy_,0,1,3,1,4,3,2,3,1,0,1,4,3,0,3,1,4,2,3,1,2,1,4,3,3,2,3,1,2,2,1,2,3,2,2,3,1
kwiaciarniaemi,,,,,,,3,,,,,4,1,3,3,0,4,1,3,1,0,3,0,4,4,1,,0,4,1,4,1,3,3,,0,3
kri_s_and_tina,,,3,,,,,,4,,,,1,3,0,3,3,1,4,1,1,3,,3,4,1,3,3,4,1,3,3,0,3,4,0,4
bertrand_okna_i_drzwi,3,,,,,,,,,3,,,3,1,4,1,4,3,3,1,3,0,0,3,3,3,3,4,4,1,3,,0,4,3,1,4
kartaikompas,,,4,,,,,3,,,,,3,1,3,0,4,1,4,3,3,0,3,1,4,0,3,0,3,,1,3,0,3,3,1,4
paniswojegoczasu_official,,,,,,,,3,,,,4,4,0,4,1,4,4,3,1,3,0,4,3,4,4,4,0,4,0,4,3,0,4,4,1,4
milena.maszewska,3,,,,,,,,3,4,,,3,0,3,1,4,3,3,1,3,0,3,3,4,1,,4,3,4,3,3,0,3,4,1,4
wygodnadieta,3,,,,,,,,3,4,,,1,4,,3,3,1,3,1,3,0,3,1,4,1,1,4,4,4,4,,0,3,3,1,3
adam.przemyk,,3,,,,,,,,,4,,4,0,4,1,4,3,3,1,3,,4,1,4,4,4,1,3,0,4,3,0,4,3,1,3
halmar.meble,3,,,,,,,,3,4,,,1,3,3,1,4,1,3,1,3,0,4,3,4,3,1,4,3,4,4,3,0,3,,1,4
kamann_living,3,1,4,2,1,1,3,3,3,1,0,4,2,0,3,1,4,2,3,0,3,1,3,4,3,1,2,2,3,1,3,3,4,2,2,3,1
ekodzielnia,3,,,,,,,3,4,,,,3,0,1,3,4,1,3,1,1,1,1,4,4,1,4,4,3,4,1,4,0,3,3,1,3
natalia_grzy,3,,4,,,,,,3,,,,3,0,3,0,4,,4,1,1,4,4,1,4,1,3,3,4,1,1,3,1,1,4,1,3
rekodzielove,,,,,,,3,,3,,,4,0,3,1,3,4,3,3,0,0,3,1,3,3,1,1,1,4,3,1,3,3,1,3,0,3
iwy_impresje,3,,,,,,,,3,3,,,0,3,1,3,3,1,1,3,1,3,0,3,3,0,0,1,3,,0,3,1,3,4,0,3
mr.bartoszrybak,,,,,,,,3,3,,4,,4,0,4,0,4,1,3,1,1,3,3,1,4,0,4,1,4,0,3,1,0,4,3,0,3
samanta_dryja_zabielska,,3,,4,,,,,,,,,4,0,3,0,1,3,3,1,3,0,3,1,3,3,3,0,3,4,0,3,0,4,3,0,4
sabina_sw,,,3,,,,3,,3,,,,1,0,3,0,4,3,3,0,3,0,1,3,4,3,3,3,3,1,3,3,4,3,0,1,3
grzewysocki,,3,4,,,,,,,,,,4,0,4,0,3,1,4,0,3,0,3,0,3,3,4,0,,,0,0,0,3,1,1,3
natalie_interiors,,,,,,,,,3,,3,4,4,0,3,0,4,3,1,0,3,0,1,3,0,3,3,1,3,1,3,3,0,4,1,3,1
madalena_yoga,3,4,,,,,3,,,3,,,4,0,0,3,0,3,3,1,0,3,3,4,3,3,4,4,3,,0,4,3,4,3,0,3
prusikowe,3,,,,,,,,,4,,,0,3,1,4,3,0,3,0,0,,3,3,4,1,3,,3,3,0,1,0,3,3,0,4
mama_moze_wszystko,3,,,,,,,,4,,,,3,0,4,0,3,,3,3,0,3,1,3,3,0,3,0,3,0,0,1,0,1,,1,3
rocksanka,,,,,,,3,4,,,,,3,0,3,0,4,1,4,0,0,3,4,3,4,0,3,3,3,0,4,0,3,3,3,0,4
salawa.mateusz,,,4,,,,,,3,,,,0,3,0,4,1,3,3,3,1,3,0,3,1,3,3,3,1,3,0,3,0,3,0,0,3
dakuzo_com,,,,,,,,,,,3,4,4,0,3,0,3,3,3,1,3,0,1,3,3,1,3,4,3,0,0,3,0,4,3,0,3
krewetkowo,3,,,,,,3,,,4,,,3,0,3,0,4,1,3,0,3,1,3,3,4,1,3,1,3,4,0,3,0,3,4,0,4
meg_adams_autorka,,,,,,,4,,,,,,4,0,3,0,3,0,3,0,0,3,3,3,4,1,1,4,3,4,0,1,3,3,3,0,4
wts_deski,,,,,,4,3,,,,,,4,0,4,0,4,3,3,0,3,1,3,1,4,0,4,1,3,4,4,3,1,4,3,0,3
drzewofranciszka,3,,,,,,,,,4,,,4,0,3,1,4,1,3,0,3,0,3,3,4,0,3,0,3,4,3,0,0,4,3,0,3
asymetria_wnetrza,,,,,,,,,3,,,4,4,0,4,1,4,1,3,0,3,1,3,3,3,0,4,0,4,1,4,1,0,4,1,3,1
pracownialavida,3,,,,,,3,,,,,4,3,1,0,3,4,1,4,1,0,3,4,3,4,1,4,1,3,4,0,3,3,3,3,0,4
kuchniawrzoska,,4,,,,3,,,3,,,,4,0,3,0,4,3,3,0,3,0,4,3,4,0,4,1,3,0,3,3,0,4,3,0,4
kuchniawrzoska,,4,,,,3,,,3,,,,4,0,3,0,4,3,3,0,3,0,4,3,4,0,4,1,3,0,3,3,0,4,3,0,4
eliza.gwiazda_official,,,,,,,,3,,,4,,4,0,3,0,4,3,3,0,1,3,4,3,4,1,4,0,3,1,4,3,0,3,1,3,1
gettinenglish,,4,3,,,,,,,,,3,4,0,3,0,4,3,3,1,3,1,4,3,4,3,3,4,3,0,4,3,0,4,3,0,4
oktawianowacka,,,4,,,4,,,,,,,4,1,4,1,4,3,4,0,3,1,3,3,4,1,4,3,3,4,1,4,3,3,3,1,4
zdrowostki,3,3,4,0,1,2,0,1,3,3,0,3,4,0,3,1,3,2,4,0,3,0,3,1,3,4,3,1,2,0,,1,2,2,3,1,3
bambi_boho,3,1,3,0,3,0,3,0,2,2,1,1,1,2,3,1,3,2,3,1,1,0,2,3,4,1,3,1,0,0,3,2,3,2,3,4,1
polilinia.design,,,,,,,3,,3,,4,3,1,3,1,3,4,1,4,1,3,0,1,3,3,3,3,3,3,0,4,3,3,3,0,3,1
katkulesza,3,,,,,,3,,,4,,,0,3,1,3,3,3,3,1,3,1,4,3,4,3,2,3,3,4,1,3,0,3,4,0,4
magdalena_musz_,3,,,,,,4,,,,,,0,3,1,3,4,3,3,1,1,3,0,3,3,3,3,1,3,0,4,3,3,3,4,0,4
marta_golebiewska_,,,3,,,,3,,,4,,,3,0,3,1,4,1,3,1,0,3,4,3,4,1,3,3,3,0,1,,3,3,3,3,3
aga_lingas_loniewska_writer,1,2,0,0,3,1,4,3,0,3,0,3,3,1,3,1,4,3,3,1,2,2,1,2,4,1,3,3,2,2,3,1,4,1,3,3,1
aldona.kaczmarek8,4,3,0,0,1,3,1,1,3,4,0,1,1,3,1,3,1,4,1,3,4,1,2,3,4,3,3,4,3,0,1,3,2,3,2,1,4
mojawyspa.co.uk,,,3,,,,,4,,,,,3,1,4,1,3,0,4,1,1,3,3,0,3,3,3,0,3,0,3,3,0,4,0,1,4
kamkamillka,3,,4,,,,,,,3,,,3,1,3,0,3,0,4,1,3,,3,1,4,0,3,4,3,0,0,0,0,3,3,0,4
moni.leoni,3,,,,,,3,,4,3,,,0,3,1,3,1,3,1,3,0,3,0,3,4,3,,0,3,4,0,3,0,3,4,0,4
podziaranytata,,,3,,,,,,4,3,,,3,0,3,1,4,1,3,0,1,3,4,1,4,1,3,4,3,0,0,3,0,3,3,0,4
piekniejemy.dietetyka,3,,,,,,,,4,3,,,1,3,1,3,3,0,3,1,3,0,0,3,4,0,1,4,3,4,3,3,0,3,4,0,3
paulina.ihnat,,4,,,,,,,,3,3,,4,1,3,1,3,3,3,0,3,0,1,3,4,0,3,4,3,4,0,3,0,3,4,0,3
fotografia.w.kadrze,3,,,,,,,,4,,,,0,3,1,3,3,0,3,3,0,3,0,3,3,0,1,1,3,4,0,3,0,3,3,1,4
khrystynaanna_mua,,,,,,,3,,3,,,,0,3,3,1,3,3,0,3,1,3,0,3,3,1,1,3,3,0,3,3,0,3,3,1,3
czarny.mat,,,,,,,,,,,3,4,3,1,3,0,3,3,3,1,3,0,0,3,3,3,4,4,3,0,4,3,0,,,1,3
agnieszka.j.marciniak,3,,,,,,3,,4,,,,0,3,1,3,3,0,3,3,0,3,0,3,3,0,0,3,3,0,0,3,0,3,4,0,3
adam.dronuje,,,3,,3,,,,,,,,3,0,3,1,4,1,3,1,0,3,1,3,4,3,3,0,3,0,3,1,1,4,3,0,3
najslodszarzecz,3,0,0,0,,0,3,1,3,3,0,4,1,3,3,1,3,2,3,1,2,2,0,3,3,1,1,1,2,2,2,3,4,2,2,1,3
home_in_garden,3,,,,,,3,,3,,,,0,3,1,4,3,3,1,3,1,3,1,3,3,0,1,3,3,4,0,,3,3,4,0,3
mateusz.sternal,,4,,,,,,,,,3,,4,0,3,0,4,3,3,0,3,1,3,,3,3,4,3,3,0,3,1,3,4,3,0,4
onalubi,3,,,,,,,,3,,,,0,3,1,3,3,3,0,3,3,0,1,3,3,3,0,3,,1,1,3,0,4,3,0,3
klaudiatreningi,,3,,,,3,,,3,,,,4,0,3,0,3,3,3,0,3,1,3,,3,0,4,3,3,0,3,0,3,4,,0,4
karola_moskal,3,,,,,,3,,3,,,,3,1,3,0,4,1,3,1,1,3,0,3,4,0,3,3,4,0,0,3,3,3,4,0,3
niecodziennikparypl,3,,,,,,,,4,,,,3,0,3,1,3,0,3,1,3,0,0,3,3,3,3,3,3,0,0,1,0,3,4,0,3
alpeekbooks,3,,,,,,3,,4,,,,0,3,1,3,3,1,3,3,3,0,1,3,3,0,1,3,3,0,4,3,3,4,3,1,3
wierzbowa_architektura,3,,,,,,,,3,,,3,1,3,1,3,3,3,1,3,1,1,0,3,3,3,1,3,3,4,0,3,0,3,4,0,4
whowillsavetheplanet,3,3,,,,,,,4,,,,1,3,1,3,3,3,3,0,4,0,0,4,3,3,3,4,3,4,4,1,0,3,4,0,4
justka.ka,3,0,,,,,,,3,3,,,3,0,3,0,3,0,3,1,0,3,3,1,4,0,3,3,4,0,4,3,3,3,4,1,3
_read_andzia_,1,3,1,0,3,1,4,2,3,1,0,3,1,3,1,3,3,3,1,2,3,1,4,3,3,1,0,2,2,2,3,1,3,4,2,3,1
mamologia,,3,,,,,,,,3,,,3,1,1,4,4,3,3,3,3,0,0,3,4,4,3,3,3,0,3,4,0,3,4,0,4
kwejk,,,,,,,,4,3,,,,3,0,3,1,4,,3,0,0,3,3,1,1,1,3,1,3,0,3,3,0,1,1,0,4
iam.nattie,3,,,,,,,,4,,,,0,3,1,3,4,,3,1,3,0,1,3,4,0,1,3,3,0,0,3,0,3,3,0,3
qqa_mrt,3,,,,,,3,,3,,,,1,3,0,3,4,1,1,3,3,0,0,3,4,3,0,3,3,4,0,3,0,3,4,0,4
elamazurcreative,,,3,,,,,,,,3,,3,0,3,0,4,3,3,0,3,0,3,3,3,0,4,3,4,0,3,1,3,4,3,0,4
katka_reads26,3,,3,,,,3,,3,,,,0,3,1,2,3,3,3,1,3,0,0,3,3,0,3,0,3,0,0,3,0,,3,0,4
mlodamama_fit,3,,,,,,,,3,,,,0,4,1,3,3,0,0,3,0,3,1,3,3,,1,3,3,4,0,3,0,1,4,0,4
anibarpiomar,3,,,,,,,,3,,,,3,1,3,0,4,1,3,0,1,3,0,3,4,0,3,3,3,0,0,3,3,3,4,0,3
gracjangornig,,,,,4,,3,,,,,,4,0,3,0,4,3,3,0,0,3,3,1,3,0,4,3,4,0,4,1,3,3,4,3,0
julencja_karz_elek,3,1,3,0,1,3,0,0,4,3,0,0,1,3,1,3,3,4,1,3,3,1,1,4,1,2,4,3,3,1,2,3,1,3,2,0,4
keto_kocur,,,,,,4,,,3,,3,,4,0,3,0,4,3,3,0,3,1,3,1,3,3,4,3,3,4,4,3,3,4,3,0,3
jacekgalinski,,,,3,,,,,3,,,,4,0,3,1,3,3,0,3,3,0,0,3,3,1,3,1,3,0,0,3,0,4,4,0,3
patrycja.hrabyk,3,,,,,,3,,3,,,,3,0,1,3,3,0,3,3,0,3,0,3,4,0,3,4,3,0,0,3,3,1,4,0,4
book_and_caffeine,3,,,,,,3,,3,,,,3,0,3,1,3,3,3,0,3,0,3,3,3,0,4,,3,0,4,3,3,4,4,0,4
zielonaferajna,3,3,,,,,,,3,4,,,4,1,3,1,3,0,3,1,4,0,0,3,3,0,4,4,3,4,3,1,0,4,4,0,3
systematycznosc,3,,,,,,,,4,,,,0,3,1,3,4,3,3,0,1,3,0,3,3,3,0,3,3,0,,3,0,4,3,0,4
dietetyk_sandra_malek,,3,,,,,,,3,4,,,1,3,1,3,3,3,3,1,3,0,0,4,3,3,1,4,3,0,4,3,3,4,4,0,3
agatazarzycka,,3,,,,,,,,,4,,4,0,3,1,4,3,4,0,3,1,3,3,4,3,4,0,3,0,4,3,3,4,4,0,3
agatazarzycka,,3,,,,,,,,,4,,4,0,3,1,4,3,4,0,3,1,3,3,4,3,4,0,3,0,4,3,3,4,4,0,3
swiatwiedzy,,3,4,,,,,,,,,,3,1,1,3,4,3,4,0,3,0,3,1,3,3,4,0,,0,4,0,0,4,0,0,3
duda_dawid_,,,3,,,,,,,,,3,4,0,4,1,4,1,4,1,0,3,3,1,4,0,4,1,3,0,4,1,3,4,1,0,3
chichi_xdd,,,,,,,4,,3,,,,4,0,3,0,4,0,3,0,1,3,3,1,3,3,4,3,3,0,4,1,4,0,3,3,1
healthytorie,,3,,,,,,,4,3,,,1,3,,0,3,3,4,1,3,0,0,4,3,3,4,3,3,0,4,3,3,4,3,0,4
okohorusa,,3,,,,,,,4,,4,,4,1,3,1,4,3,4,1,3,1,3,1,4,0,4,3,4,0,4,1,3,4,3,0,4
kacper_emm,3,,,,,,3,,4,,,,3,0,1,4,4,0,4,1,0,4,3,1,4,0,3,3,3,0,4,1,4,3,0,3,0
rm_bateman,3,,3,,,,,,4,,,,0,3,0,3,4,1,4,1,1,3,3,1,3,3,3,3,4,0,0,0,0,3,3,0,4
pandawanda.pl,3,,,,,,,,3,4,,,0,3,1,4,3,3,1,3,3,0,0,4,3,3,4,4,3,4,0,3,0,4,3,0,4
sztosik.handmade,3,,,,,,3,,4,,,,1,3,1,3,4,3,1,3,0,3,0,4,4,3,0,0,3,4,4,3,1,4,3,0,4
olaszymanska_bodymind,3,,,,,,,,4,4,,,4,1,3,0,3,4,3,1,3,0,0,4,3,3,4,3,3,0,3,3,3,4,4,0,4
esey_o_silowni,,,,,,,,,3,,4,,3,0,4,1,3,3,4,1,1,4,3,1,4,3,4,3,3,0,4,3,3,4,1,0,3
marzenia_kajomy,4,,,,,,3,,3,,,,0,3,1,3,4,1,0,4,1,4,0,4,3,3,1,3,3,0,1,4,3,3,4,0,4
error_pl,,,,,,,,3,3,,,,0,3,0,4,1,0,3,3,0,4,3,0,3,0,0,3,1,3,0,1,0,3,0,3,0
damianolszewski.official,,3,,,,,,,,,4,,4,1,3,0,4,3,4,0,3,0,3,,4,3,4,3,4,0,4,3,0,4,1,0,3
izaskowronska,3,,,,,,3,,4,,,,1,3,1,4,4,3,0,3,,4,0,4,3,3,0,0,3,1,4,3,3,4,3,0,4
petitefleur_pracownia,3,,,,,,3,,,,,4,3,0,3,1,4,3,3,1,0,4,0,4,4,3,3,3,4,4,4,3,3,4,3,0,3
magdaboruc.fotografia,4,,,,,,3,,4,,,,1,4,0,3,4,1,4,1,0,3,0,3,4,3,0,3,3,0,4,3,3,1,4,0,3
fitness_wyciechowski,0,3,1,0,1,3,0,0,1,1,3,1,4,0,3,1,3,4,1,2,3,1,3,1,1,3,2,1,2,1,2,1,1,2,1,4,1
asymetria_wnetrza,1,3,1,1,3,1,0,1,3,2,1,4,3,1,1,3,4,3,1,3,3,1,1,3,1,3,2,2,3,1,3,4,1,3,,1,3
somethingbluepl,1,1,0,0,3,1,4,0,3,3,1,4,2,2,4,1,3,3,1,1,3,1,1,4,3,1,3,1,4,0,3,3,3,2,0,3,1
klaudia_lasecka,,3,3,,,,,,,,,,1,3,0,3,3,3,4,0,3,0,0,4,4,3,3,3,3,0,0,0,0,4,3,0,4
dom.w.kwiatach,3,0,,,,,3,,4,,,,0,3,1,3,3,0,0,3,3,0,0,3,4,3,0,0,3,0,0,3,3,4,4,0,4
ak.kingamadej,,,,,,,,,3,,,4,4,1,3,0,4,0,3,3,3,0,0,3,4,3,3,4,3,0,4,1,0,4,0,0,3
vicky.vs.books,,,,,,,3,,4,,,,4,1,3,1,4,1,4,1,3,1,3,3,4,0,4,3,3,0,3,1,3,4,3,0,3
owsianapl,,3,4,,,,,,3,,,,4,3,3,0,4,3,4,0,1,3,3,3,4,0,4,3,3,1,3,0,3,4,0,0,3
pawel_gajos_gaj,,,4,,,,,,,,,,3,1,3,0,4,1,4,1,3,0,3,3,4,0,4,3,3,0,4,3,0,0,,0,3
greenmermaidblog,3,,,,3,,3,,4,,,,4,1,3,0,4,1,3,1,0,3,3,3,3,0,4,3,3,4,0,1,3,1,4,0,3
rozannasz,4,,,,,,,,,,,,0,3,0,4,0,3,0,4,3,0,0,3,1,3,4,1,1,3,0,3,0,4,4,3,1
pola.86,3,,,,,,3,,4,,,,0,3,3,1,3,2,1,3,0,4,0,3,4,0,4,3,3,0,0,3,3,4,3,0,3
_agnieszka_leszczynska,4,,,,,,,,3,,,,3,0,3,1,3,0,1,4,0,3,,4,4,1,3,4,4,0,0,1,0,3,4,0,3
thebeejoy.pl,3,,,,,,3,,4,,,,1,3,0,3,4,1,4,0,0,3,3,4,4,1,0,3,3,4,0,0,3,4,3,0,3
fit.pietrucha,3,3,,,,,,,4,,,,3,0,3,1,3,4,4,0,3,0,0,3,4,3,4,3,3,0,0,3,0,4,1,0,4
tengri_91,3,,3,,,,,,3,,,,0,3,1,3,0,1,0,4,3,0,0,3,3,3,0,0,3,0,0,3,0,3,4,0,4
karkareads,3,,,,,,3,,4,,,,3,0,3,0,3,3,0,0,3,1,4,1,3,3,3,0,4,1,3,3,1,4,3,0,3
asymetria_wnetrza,3,,,,,,,,3,0,,3,4,3,3,1,3,0,1,3,3,0,0,3,3,3,3,4,3,0,4,3,0,4,0,0,3
keller_pl,,,,,,,,0,3,4,,,1,3,0,3,3,4,1,4,3,0,0,4,3,3,4,4,4,0,3,3,0,3,0,0,3
dowcipnik_pl,,,,,,,,4,3,,,,3,1,1,3,3,0,3,0,0,4,4,1,4,0,3,1,3,0,3,1,0,3,0,0,3
sandrazenka_pl,,3,,,,,,,,,4,,4,1,3,0,4,3,3,0,0,3,4,1,4,3,4,3,3,0,4,1,0,4,1,3,1
cosmetics_pearls,,,,,,,3,,3,4,,,0,3,1,3,1,3,0,3,3,0,0,3,4,3,0,4,3,4,1,3,0,4,4,0,3
ciekawy_zycia,,,,,,4,,3,,,,,4,3,3,0,4,3,4,1,3,0,3,1,4,3,4,4,3,0,0,1,3,4,0,0,3
dobrowolska.s.k,3,,,,,,3,,4,,,,0,3,1,3,3,1,0,3,0,4,0,3,4,3,3,0,4,0,0,3,3,4,4,0,3
markowe_jedzenie,3,,,,,,3,,4,,,,3,0,3,1,4,0,3,0,0,4,3,1,3,3,0,3,4,4,,,,,,,
dziewczynyczytaja.pl,3,,,,,,3,,4,,,,0,3,0,3,4,0,1,3,0,4,1,4,4,1,0,4,3,0,0,3,3,4,4,0,3
anitka1official,,,,,,3,,4,,,,,4,0,3,0,4,0,3,0,0,3,4,1,3,0,3,3,3,0,0,3,3,0,0,0,3
dietetyczka.nati,3,3,,,,,,,,3,,,1,4,0,3,3,4,0,4,3,0,0,3,3,4,3,4,0,3,0,3,0,4,4,0,3
czarna.owieczka,3,,,,,,3,,,,,,0,3,1,3,0,0,0,3,3,0,0,4,3,3,0,4,2,0,0,3,0,4,4,0,3
wall.done,,,,,,,,,3,,,4,3,0,1,3,4,3,3,0,4,1,0,3,4,4,4,3,2,0,0,4,0,3,1,0,4
magdaskierska,3,,,,3,,3,,,,,,0,3,4,1,4,1,4,1,0,3,0,3,4,4,4,0,3,0,3,3,4,3,3,0,4
hellohomla,3,,,,,,,,4,3,,,1,4,0,4,4,0,1,4,0,3,3,4,4,1,3,4,4,0,0,3,0,3,3,0,4
obliczakobiety,3,3,1,0,1,3,3,0,3,4,0,1,0,3,1,3,1,3,0,4,3,1,1,3,3,1,1,4,3,1,0,3,3,2,4,0,4
lux_bau,2,,,,,,,,3,,,,0,3,0,3,3,3,0,4,3,0,0,3,4,3,4,3,3,0,0,4,0,3,3,0,4
patka_ja,,,4,,,,,,,,,,3,0,3,1,3,0,4,1,0,3,4,1,4,0,4,3,3,0,3,3,4,0,0,0,3
dalialingerie,3,,,,,,4,,,,,,3,0,1,3,4,3,4,0,3,0,3,3,4,0,4,3,4,1,4,,4,1,0,1,4
ewa.oszek_mindfulness,3,,,,,,,,3,3,,,0,3,1,4,0,3,3,1,0,3,0,3,3,4,3,4,1,4,0,4,0,3,3,0,3
kulturoholiczka,3,,,,,,3,,,,,3,3,0,1,3,4,1,4,0,0,3,0,3,4,1,4,1,3,0,4,3,4,3,0,1,3
ubogacona,3,3,,,,,3,,,,,,0,3,0,4,3,4,0,3,3,0,0,3,3,4,0,3,4,1,0,3,0,3,4,0,3
aniolnaresorach,3,,,,,,,3,3,,,,4,1,1,3,4,0,3,0,0,3,4,3,4,3,4,1,3,0,4,3,0,3,0,0,3
lewaczka,3,,,4,,,,,,,,,4,0,1,3,4,0,4,1,3,0,3,1,3,0,4,3,3,0,4,0,0,4,1,0,4
chichi_xdd,0,0,0,0,0,3,1,1,3,0,1,1,4,0,4,0,3,4,1,0,2,2,1,2,1,3,2,0,1,1,1,3,1,2,1,3,1
thebeejoy.pl,3,3,1,0,3,1,0,3,3,4,1,3,1,3,3,1,4,3,3,1,3,1,2,3,4,2,1,4,3,0,1,3,3,3,1,0,4
brzuchomechanika,3,4,1,0,1,2,0,0,3,4,0,1,1,3,1,3,3,4,3,1,3,0,1,3,3,4,1,2,2,2,1,3,1,4,1,1,3
wyzwanie.zarabianie,0,3,1,0,3,1,0,0,1,1,3,3,4,0,3,1,4,3,1,0,3,1,3,1,1,1,3,1,3,1,3,0,0,3,0,4,0
aldona_blaszczyk,3,,,,,,,,4,,,,1,3,0,3,3,0,3,3,3,0,0,3,3,3,4,3,1,4,0,3,0,3,4,0,3
ptakfotografia,3,,,,,,3,,4,,,,3,0,1,3,4,3,3,0,0,3,4,3,4,3,4,0,3,0,4,3,3,0,3,0,3
kaaroola.k,,4,3,,,,,,,,,,4,0,3,0,4,3,4,0,3,1,4,1,3,3,4,0,3,0,4,1,3,4,3,,3
bazamarzen,3,,,,,,,3,3,,,,0,3,0,3,3,0,0,3,0,4,1,3,4,3,3,4,4,1,0,3,0,3,4,0,4
krusia_domatorka,3,,,,,,3,,4,,,,1,3,0,3,4,0,3,1,0,3,3,3,4,0,4,0,3,4,0,3,1,0,4,0,3
marlenasadventure,,,4,,,,,,3,,,,3,1,3,1,4,0,3,0,3,1,4,3,4,0,3,0,0,3,0,3,3,3,0,0,3
magdalovena,3,,4,,,,,,,,,,0,3,1,4,1,0,3,3,3,0,3,3,3,0,3,3,3,0,0,4,0,3,3,0,4
braciakleczek_trampoline,,,,,,3,,,,,,,3,0,3,1,4,3,3,0,0,4,3,1,4,4,3,3,4,0,0,3,3,0,0,0,3
anna.ruchala,,3,,,,,,,4,,,,3,0,1,3,3,4,0,3,3,0,1,3,4,3,3,4,3,0,4,3,0,4,3,0,3
gotowanie_po_zmianie,,3,,,,,3,,4,,,,3,1,4,0,4,1,3,1,3,0,4,3,4,0,0,3,3,0,1,3,0,4,3,0,3
evegadomska,,3,,,,,,,,,3,,4,1,3,0,3,3,4,0,3,1,4,1,1,3,4,0,3,0,4,0,0,4,1,1,3
milabozza.studio,,3,,,,,,,,,3,,4,1,3,1,3,3,0,3,3,0,4,1,3,4,4,3,4,1,4,1,3,4,0,3,1
alpeekbooks,3,,,,,,,,3,,,,4,1,1,3,4,3,3,0,3,0,0,3,4,1,3,0,3,0,0,,0,4,3,0,3
_go_ra,3,,,,,,3,,3,,,,0,4,1,4,3,1,1,4,0,3,1,4,4,3,0,4,3,0,0,3,3,0,4,0,3
designyourwedding_pl,3,,,,,,3,,,,,3,3,0,3,1,4,1,3,0,3,0,1,4,4,1,3,0,4,1,4,3,3,,4,0,3
roslinniejemy,,3,,,,,,,,4,,,3,0,3,1,0,1,3,1,3,0,4,3,4,1,4,4,3,4,4,3,0,4,3,0,4
michal.niemirowski,,3,,,,,,,,,4,,3,0,4,0,3,4,3,1,4,1,3,0,4,3,4,0,3,0,4,0,0,4,1,1,4
mrs.sikorka,4,,,,,,,,3,,,,0,3,0,1,4,0,1,4,1,4,,4,4,3,0,0,3,0,0,4,1,0,3,0,3
prosta.dieta,,3,,,,,,,,3,,,3,0,3,1,3,4,4,1,3,0,3,0,0,4,3,4,3,0,0,0,0,4,1,0,4
lamotte_daniel,,,4,,,,,,,,,3,4,0,3,0,4,1,4,0,0,3,1,4,3,0,4,3,3,0,0,3,0,4,3,0,3
marta.dietetyk,3,3,,,,,,,4,,,,3,0,1,3,1,3,0,3,0,4,0,3,4,0,4,3,1,4,4,1,0,4,1,0,3
lukaszodfoto,3,,,,,,,,,,,4,1,3,0,3,4,0,3,1,0,3,1,4,4,0,1,1,4,1,4,3,3,4,3,0,3
ahojprzyrodo,3,,,,,,,,3,,,,1,4,0,3,3,1,1,4,3,1,0,3,4,3,0,4,3,4,0,3,0,4,3,0,4
mandalalifeby_ada,3,,,,,,3,,,,,3,0,3,1,4,4,1,0,4,3,0,0,,3,3,0,3,3,0,0,3,1,4,4,0,3
nataliadyoniziak,,,4,,,,3,,,,,,4,1,3,0,4,0,4,1,0,3,4,3,3,0,4,1,3,1,0,1,4,0,1,0,3
mr.stejku,,,4,,,,,,3,,,,3,1,3,0,4,0,4,1,1,4,3,1,4,3,4,1,3,0,0,3,0,3,0,0,3
martazielinskaaaa,3,3,,,,,,,,,,,3,1,3,0,4,4,3,1,3,1,4,3,3,4,4,3,3,1,4,1,0,4,3,0,3
_zalija_,3,,,,,,,,3,,,,,3,0,4,3,0,0,3,0,4,1,3,4,3,0,0,3,0,0,3,0,3,1,0,3
innowacyjny_inwestor,,3,,,,,,,,,4,,4,0,3,0,3,4,4,1,0,3,4,1,4,3,4,3,,0,4,1,0,4,1,0,3
julka_barczyk,,,,,,,,3,3,,,,0,3,0,3,1,0,1,3,0,3,1,3,4,1,4,1,3,0,0,3,1,1,3,1,3
kinianieruda,3,,,,,,3,,3,,,,0,3,3,0,4,3,4,1,0,3,1,3,4,1,4,1,3,0,0,3,3,3,4,0,4
mojdommojemiejsce,3,,,,,,,,4,,,,0,4,1,4,4,1,1,4,3,0,0,4,4,1,3,3,4,,4,3,0,0,3,0,4
sugarfree,3,,,,,,,,4,,,,0,3,1,4,3,0,3,1,0,3,1,4,3,1,4,3,3,0,4,3,4,1,1,0,4
poetkawpidzamie,3,,3,,,,,,,4,,,0,3,0,4,3,3,3,1,0,3,0,4,4,1,4,3,4,0,1,3,0,4,3,0,3
guardianofscience,,3,,,,,,,3,3,,,3,0,1,3,3,3,4,0,3,1,0,3,3,3,4,3,3,,0,3,0,4,3,0,3
eliza.slomka.nails,,,,,,,3,,3,,,3,4,0,3,,3,0,3,1,3,0,3,3,3,0,4,0,4,0,4,3,1,3,3,0,4
exponerfoto,3,,,,,,,,,,,4,3,0,3,0,4,1,3,1,4,0,3,3,4,1,4,0,3,0,4,3,0,0,3,0,4
pola_miko,3,,3,,,,,,4,,,,3,0,1,1,3,3,0,4,0,3,0,3,4,3,4,3,4,0,0,3,0,0,3,0,3
_natalia_kaczmarek,,,,,,3,3,,,,,,4,1,3,0,4,3,4,0,0,3,3,3,4,3,4,0,3,0,0,3,4,1,3,1,3
marzenagunther,3,,,,,,3,,3,,,,0,3,1,1,4,1,3,0,3,1,4,1,3,1,4,3,3,4,0,1,1,3,4,0,3
alakko.reads,3,,,,3,,3,,,,,,3,0,4,0,3,0,4,,0,4,0,3,4,3,4,0,3,0,4,3,0,4,3,0,4
remont_ciala,3,,,,,,,,3,,,,0,3,0,4,1,3,0,4,0,4,3,0,3,0,3,3,3,0,0,3,0,4,3,0,3
wtld_,,,,,,,3,,4,,,,1,4,1,4,3,0,3,0,0,3,0,4,3,3,4,0,3,0,0,3,1,3,4,0,3
aparat_w_krzokach,,,3,,,3,,,4,,,,4,0,3,1,4,0,3,0,0,3,1,3,4,3,4,4,3,4,0,1,0,3,0,0,4
nauka.jest.niesamowita,,3,4,,,,,,,,,,0,3,0,3,0,4,4,0,3,0,0,4,3,4,4,0,3,0,0,3,0,4,0,0,3
dakuzo_com,1,1,1,0,3,0,0,1,4,0,0,4,1,3,0,4,1,3,1,3,2,2,1,3,1,3,2,2,2,2,1,3,1,3,1,2,2
kiniusiajel,1,0,0,0,0,0,3,3,1,0,1,1,0,3,1,3,0,2,1,2,2,2,3,1,3,1,2,0,1,1,3,1,3,2,1,3,1
focusondentistry,3,3,4,0,3,3,0,1,3,3,0,1,2,2,3,1,3,4,3,1,3,1,1,3,3,4,3,1,2,2,0,3,1,4,1,1,3
pilnikizalotka,3,,,,,,,,,,,3,3,0,3,0,4,0,4,1,3,0,3,3,4,0,3,3,4,1,4,3,0,3,1,0,3
cooosure,3,,,,,,,,4,,,,0,3,0,4,3,0,1,4,1,3,0,4,3,0,3,3,4,0,0,4,1,0,,0,4
montessori_w_praktyce,3,,,,,,,,3,3,,,0,4,1,3,4,3,1,4,3,0,0,4,4,3,3,4,3,0,0,4,0,3,4,1,4
nurse_after_night_shift,3,,,,,,3,,4,,,,0,3,1,4,3,0,3,0,3,0,0,4,3,1,0,3,3,4,4,1,3,4,1,0,3
havriella,3,,3,,,,,,,,,,3,0,3,0,1,0,3,1,0,3,4,1,3,0,4,1,3,0,4,1,0,1,3,1,3
patrycja_marzec_,3,,,,,,,,3,3,,,3,0,1,3,3,0,3,0,1,4,3,1,4,0,4,3,4,1,4,1,3,1,1,1,4
martapazera,3,,,,,,,,4,,,3,1,3,3,0,3,1,0,4,1,3,3,3,4,3,3,1,3,4,0,3,0,4,3,0,4
martapazera,3,,,,,,,,4,,,3,1,3,3,0,3,1,0,4,1,3,3,3,4,3,3,1,3,4,0,3,0,4,3,0,4
_paintedgarden.pl_,3,,,,,,,,3,3,,,0,3,1,4,3,1,1,4,3,1,0,4,3,3,1,4,3,4,0,3,0,1,0,0,3
ekobutelka,3,,,,,,,,3,3,,,0,3,1,3,3,3,0,3,4,1,0,3,4,1,4,4,3,4,0,3,0,4,3,0,4
zdrowy_talerz,3,,4,,,,,,3,,,,1,3,3,3,4,4,4,1,3,1,0,3,3,4,4,4,3,0,0,3,0,4,3,1,4
lesiuk99,3,,,,,,,,3,,,,0,3,1,3,4,1,1,4,0,3,3,0,4,1,1,4,4,1,1,3,0,0,3,0,3
alenapis.pl,,,,,3,,,,,,,4,3,0,4,0,4,3,4,0,3,1,4,,4,4,4,1,4,0,4,1,0,4,0,1,4
jedrzej_fotografuje,,,,,,,,3,3,,,4,3,0,4,0,4,3,4,1,0,3,4,3,4,3,4,0,3,0,0,3,0,3,1,0,
annabutrym.pl,,3,,,,,,,,,4,,4,0,3,1,4,3,4,1,3,1,4,,4,4,3,0,4,1,4,1,3,4,1,1,4
buduj.nl,,,,,,,,3,3,,,3,4,1,4,0,4,3,4,1,3,0,4,1,4,4,4,3,3,0,0,3,0,4,1,0,4
jawkrakowie,3,,,,,,,,3,3,,,3,0,4,1,1,0,0,4,3,1,0,3,4,3,4,3,3,1,0,3,0,4,4,0,
rysunkowe_klimaty,3,,,,,,3,,3,,,,0,3,1,4,3,0,0,4,1,3,0,4,3,1,1,0,3,0,0,3,0,1,3,0,3
zycie_fizjoterapeuty,,3,,,,,,,3,3,,,4,1,3,0,3,3,3,0,3,1,3,1,4,3,4,3,3,0,0,3,0,4,1,0,
annamboland,3,4,1,0,3,0,0,1,3,3,1,4,1,3,1,3,3,2,3,1,3,1,1,3,4,1,2,2,2,2,1,3,1,3,3,1,3
panna_niebieska,1,1,3,3,3,0,0,3,2,1,1,4,3,1,1,3,3,1,3,1,1,3,1,3,2,2,2,2,2,2,2,2,3,2,1,3,1
marketing_w_pigulce,3,3,1,0,0,0,0,0,3,1,1,3,1,3,0,4,1,3,1,3,3,1,1,3,2,4,3,1,2,2,1,3,1,3,1,3,1
book_z_wami,3,3,0,0,0,0,0,0,3,1,0,1,0,4,1,3,1,2,3,1,3,1,2,2,2,2,1,1,2,2,0,2,1,3,2,3,1
talkaboutlovepl,1,1,1,0,3,1,4,3,1,3,1,3,4,0,3,1,3,2,1,3,2,2,1,3,4,1,1,3,4,0,1,3,3,2,3,1,3
ani_pudelko_piekna,0,1,0,0,3,0,4,1,3,3,0,0,0,3,1,3,3,3,1,3,1,3,1,1,4,1,1,4,3,0,4,1,3,1,3,0,4
delfina.zazecke,3,2,4,0,2,3,4,2,0,4,1,4,2,2,3,1,4,2,4,1,2,2,2,3,4,1,3,3,3,2,3,3,2,2,2,1,3
nebule_pl,3,2,3,0,2,2,4,3,1,4,2,4,2,1,3,1,3,4,3,1,3,1,2,3,4,2,2,4,4,2,3,2,3,3,3,0,3
beepack.pl,3,2,3,0,3,3,2,2,1,3,1,4,2,1,3,1,3,3,3,0,3,1,3,1,2,3,3,3,2,4,3,1,2,3,3,1,3
achdeco_polska,2,3,3,0,3,1,0,1,4,2,0,4,3,1,1,3,3,2,3,1,2,1,1,4,2,3,1,1,2,0,1,3,3,3,1,3,1
kamilcybul,1,3,4,2,3,3,2,1,2,3,2,2,2,2,3,1,2,3,3,0,2,3,2,3,3,2,3,2,2,3,3,1,2,3,2,1,3
fit_nrs,3,2,2,2,1,3,2,1,3,2,2,4,2,2,2,2,2,3,3,2,3,2,2,4,4,2,3,1,3,2,3,2,2,3,2,3,2
agataubysz,2,3,3,2,3,2,3,0,2,2,1,3,1,3,0,4,3,1,3,1,2,2,1,3,3,2,2,2,2,2,2,3,3,4,2,2,2
sonka_kaminska,3,1,2,2,2,2,3,1,2,4,2,3,2,3,3,2,3,2,2,2,2,3,2,3,3,1,2,3,3,2,2,2,3,2,2,2,3
s.piechowiak,2,2,3,2,2,2,2,2,2,2,2,3,2,2,2,2,2,2,2,2,2,2,2,2,2,2,2,2,2,2,2,2,2,2,2,2,2
bookajka,2,3,2,1,1,2,2,1,2,3,2,2,1,3,2,2,3,2,3,2,2,2,,3,3,2,2,2,2,2,2,2,3,3,2,3,2
gregory.room,3,2,1,1,1,1,2,1,3,3,2,4,2,3,2,3,3,2,3,2,2,2,3,3,3,1,1,3,3,1,2,2,3,2,2,2,2
imsokayka,2,2,3,3,2,2,2,3,2,2,2,2,3,2,3,2,3,2,3,2,2,2,2,2,2,2,3,2,2,2,2,2,2,2,2,2,3
lipnickastodola,2,2,2,2,2,2,2,2,3,3,2,2,2,3,2,2,2,3,2,3,3,2,2,2,2,4,2,2,2,3,2,3,2,2,2,2,2
psy_na_tropie_przyrody,3,2,2,1,2,2,2,2,3,3,2,2,3,2,2,2,2,3,2,2,3,2,2,2,3,2,2,2,3,2,2,3,2,2,2,2,3
leexieena,2,2,2,1,1,1,2,1,2,3,2,1,2,2,2,2,2,3,1,2,2,2,2,2,2,2,2,3,2,2,2,2,2,3,2,3,2
aleksandradebska_,3,2,2,1,2,2,3,2,3,3,2,3,3,2,2,2,3,2,3,2,2,2,2,3,3,2,2,3,3,2,2,2,3,2,2,2,3
prosto.w.szarosci,3,2,2,1,2,2,3,2,3,3,2,4,2,3,3,2,3,2,3,2,3,2,3,2,2,2,2,3,3,2,3,2,3,2,2,2,3
_que_hombre_,2,1,2,2,1,2,2,2,2,2,2,2,2,3,2,2,3,2,3,2,2,2,3,2,2,1,2,2,2,2,4,2,2,2,2,2,3
fokajednooka,2,2,2,2,2,2,2,2,2,2,2,3,2,2,2,2,2,3,2,2,3,2,2,2,2,2,2,2,2,2,2,2,2,2,2,3,2
lubelskiewesele.pl,2,2,2,1,2,2,3,1,2,3,2,4,3,2,3,2,3,2,3,2,4,2,3,2,3,2,2,2,2,2,2,2,3,3,2,2,3
nieprzecietnezycie,2,3,3,2,1,3,2,2,2,3,2,3,3,2,3,2,2,3,3,2,3,2,2,2,2,3,2,2,2,3,2,2,2,3,2,2,2
moni.monami,2,2,3,2,2,2,3,2,2,2,2,3,2,2,3,2,3,2,3,2,3,2,2,2,3,2,2,2,3,2,2,2,3,2,2,2,2
beduintomek,2,3,3,2,2,2,2,2,3,2,2,2,2,2,2,3,2,2,2,2,3,2,2,2,2,3,2,2,2,2,2,2,2,2,2,2,2
marcinlichota,2,2,2,2,2,2,2,2,2,2,2,1,3,2,3,2,2,3,2,2,2,2,2,2,2,2,2,2,2,2,2,2,2,2,2,4,2
ruthless.empress,2,2,3,2,2,2,2,2,2,2,2,2,2,2,3,2,2,4,2,2,3,2,2,2,2,3,2,2,2,2,3,2,2,3,2,2,2
anna_gardenlove,3,2,1,2,1,1,2,2,3,3,1,2,2,3,2,2,2,3,2,2,2,2,2,3,2,2,2,3,2,2,2,2,3,2,2,2,3
maslo.i.pieczywo,2,2,3,2,2,2,2,2,2,2,2,3,3,2,3,2,2,2,3,2,3,2,3,2,2,2,2,2,2,2,2,2,2,2,,3,2
lulu8802,2,2,2,2,2,2,3,2,2,2,3,2,3,2,2,2,2,2,2,2,2,2,2,2,2,2,2,2,2,2,2,2,2,2,2,2,2
podroze.rodzinne,3,2,4,2,2,2,2,2,3,4,2,2,2,2,3,2,3,2,4,2,2,2,2,2,3,2,2,2,2,2,2,2,2,2,2,2,3
vascorekuperacja,2,3,2,2,2,2,2,2,2,2,2,3,2,2,2,2,2,2,2,2,3,2,3,2,2,4,2,2,2,3,2,2,2,3,2,2,2
fitbadurka,2,2,2,2,0,2,2,0,3,4,2,2,2,3,2,2,2,3,2,2,2,2,2,2,3,2,2,3,2,2,3,2,3,2,2,2,2
panifortuna,2,3,2,1,1,2,1,2,2,2,2,3,2,2,3,2,2,3,3,2,3,2,3,2,2,3,2,2,2,4,2,3,2,4,2,2,2
aga.miela_autorka,3,3,2,1,3,2,2,2,3,2,2,4,2,3,2,3,2,3,3,2,3,2,3,2,2,3,2,2,2,2,2,2,2,3,2,3,2
dietetyczka.nati,3,2,2,1,2,2,2,2,3,4,2,3,2,3,2,3,3,2,3,2,2,2,2,3,3,2,2,3,2,3,2,3,3,2,2,2,3
szukajwarchiwach.gov.pl,2,2,2,2,2,2,2,2,3,2,2,2,2,3,2,2,2,2,3,2,3,2,2,2,2,2,2,2,2,2,2,2,2,2,2,2,2
anna_miodynska,4,3,3,0,3,0,0,0,3,3,0,0,0,4,1,3,3,2,1,3,1,3,1,3,4,1,2,3,2,0,1,3,3,2,3,0,4
kasiuniafalkowska,1,2,2,2,1,2,2,2,2,2,3,2,3,2,3,2,2,3,2,2,2,2,2,2,2,3,3,2,2,2,2,2,2,2,2,2,2
kinga_strzalka,3,2,2,1,2,2,2,2,2,3,1,2,2,3,2,2,3,2,2,2,2,3,2,2,3,2,2,3,2,2,3,2,3,2,2,2,2
edytanatureaart,3,2,2,1,2,2,3,1,2,3,1,3,2,3,2,2,3,2,2,2,3,2,2,2,3,2,2,3,3,2,3,2,3,2,2,2,3
ilonaaleksandrowicz,2,2,2,1,2,2,3,2,2,3,2,2,2,3,2,2,2,3,2,2,2,2,2,3,3,2,2,3,2,2,2,3,2,2,2,2,3
jedz.pysznie,3,2,3,1,2,2,3,1,3,3,2,3,2,3,2,2,3,2,3,2,2,2,3,2,3,2,2,3,3,2,3,2,3,2,2,2,3
gotowe_projekty_domow_archon,2,2,2,1,2,2,2,2,2,3,2,3,2,2,3,2,3,2,3,2,2,2,3,2,2,2,2,2,2,2,3,2,2,2,2,2,2
matka.boska,2,3,3,1,3,3,3,2,2,3,2,3,2,3,3,2,3,2,3,2,2,3,2,3,2,2,3,2,2,2,2,3,3,3,2,2,3
myblogyoll,2,2,3,2,2,2,2,2,2,3,2,3,2,3,2,2,3,2,3,2,2,2,2,2,3,2,2,2,2,2,3,2,3,2,2,2,3
mariola.zielinska,3,1,1,0,3,0,0,1,3,4,0,0,1,3,1,3,1,2,1,1,2,1,1,3,4,1,2,4,3,0,1,2,3,2,3,0,4
oliwiaknitter,3,1,0,0,1,0,0,1,3,4,1,1,1,3,1,3,3,3,3,1,3,0,0,3,4,3,1,4,2,2,2,3,1,3,3,1,3
pani_przewodnik_warszawa,2,4,3,2,2,2,2,2,2,2,2,2,2,2,2,2,2,3,3,2,3,2,3,2,2,3,2,2,2,2,2,3,3,3,2,2,2
joanna_jadachowska,2,3,3,2,2,3,2,2,2,2,3,2,3,2,3,2,3,2,3,2,3,2,3,2,2,2,3,2,2,2,3,2,2,3,2,2,2
memy_z_insta_i_googla_,2,2,2,2,2,2,2,2,2,2,2,2,2,2,2,2,2,2,2,2,2,2,2,2,2,2,2,2,2,2,2,2,2,2,2,2,2
justynabolek.official,2,2,2,2,2,2,2,2,2,2,2,2,2,2,2,2,3,2,2,2,2,2,2,2,2,2,2,2,2,2,2,2,2,2,2,2,2
slawachm,3,2,3,1,1,2,3,1,2,2,2,2,2,3,2,3,3,2,3,2,2,2,2,2,3,2,2,3,2,2,2,3,2,2,2,2,2
alezniejagentka,2,2,3,2,2,2,2,3,2,2,3,3,3,2,3,2,3,2,3,2,2,2,3,2,2,2,3,2,2,2,3,2,2,3,2,2,2
_amimami_,3,2,2,2,2,2,4,2,2,4,2,2,2,3,2,2,3,2,2,2,2,3,2,3,3,2,2,3,3,2,3,2,3,2,2,2,2
agnieszka.matysiak.photo,2,2,2,2,2,2,2,2,2,2,2,2,2,2,2,2,2,2,2,2,2,2,2,2,2,2,2,2,2,2,2,2,2,2,2,2,2
zuzia_niemczycka,2,2,2,2,2,2,2,2,2,2,2,2,2,2,2,2,2,2,2,2,2,2,2,2,2,2,2,2,2,2,2,2,2,2,2,2,2
sercepodlasia,3,3,3,1,1,2,2,1,3,3,1,2,2,3,2,3,2,3,3,2,2,2,2,3,2,2,2,2,3,2,2,2,3,2,2,2,2
dywanyluszczow,2,2,2,2,2,2,2,2,2,,2,3,2,2,2,2,3,2,2,2,2,2,3,2,2,3,2,2,2,2,3,2,2,2,2,2,2
kate.jozwik,2,3,3,2,1,2,2,2,2,2,2,2,2,2,2,3,2,4,3,2,3,2,3,2,2,3,2,2,2,3,2,3,2,3,2,2,2
justa_w_ogrodzie,2,2,2,2,2,2,2,2,3,2,2,2,2,2,2,3,2,3,2,2,2,2,2,3,2,3,2,2,2,2,2,2,2,2,2,2,2
ciekawy_zycia,2,2,4,1,2,2,2,2,2,2,,3,3,2,4,2,4,2,4,2,2,3,3,2,3,2,3,2,3,2,3,2,2,2,2,3,2
anna_miodynska,3,2,3,1,2,2,2,1,3,3,1,2,2,3,2,3,2,2,3,2,2,2,2,3,3,2,2,2,2,2,2,3,3,2,4,2,3
majewska_klaudia,2,2,2,2,2,2,2,2,2,2,2,2,2,2,2,2,2,2,2,2,2,2,2,2,2,2,2,2,2,2,2,2,2,2,2,2,2
rebecavij,3,2,3,1,2,2,2,1,3,2,2,2,2,3,2,3,2,2,3,2,2,2,2,3,3,2,2,2,2,2,2,2,3,2,2,2,2
montownia_mebli,2,2,2,2,2,2,2,2,2,2,2,4,2,2,2,2,2,3,2,2,3,2,2,,2,3,2,2,3,2,3,2,2,3,2,2,2
bandura.dietetyk,2,2,2,2,2,2,2,2,2,2,2,2,2,2,2,2,2,3,2,2,2,2,2,2,2,3,2,2,2,2,2,2,2,2,2,2,2
sosnaijegosadzonki,2,3,2,1,2,2,2,2,3,3,2,3,2,2,2,2,3,2,3,2,3,2,2,3,2,3,2,3,2,2,2,3,3,2,2,2,2
petermanszlaga,2,3,2,1,1,2,2,1,3,3,2,2,2,3,2,2,3,2,2,2,3,2,2,3,3,2,2,3,3,2,3,2,3,3,2,2,2
filipkowarski,2,3,3,2,2,3,2,2,2,2,2,3,3,2,3,2,2,4,3,2,3,2,3,2,2,3,3,2,2,3,2,2,2,3,2,3,2
agiksonn,3,3,2,1,1,1,2,1,3,3,1,2,2,3,2,2,2,3,2,2,3,2,2,2,3,2,2,3,2,3,2,2,4,2,2,2,
miesiecznik_znak,2,3,2,2,2,2,2,2,2,2,2,2,2,2,2,2,2,2,2,2,2,2,2,2,2,3,2,2,2,2,4,2,2,2,2,2,2
joyberlin_vip_tours,2,2,3,1,1,2,2,2,3,2,2,2,2,2,2,2,3,2,3,2,2,2,2,2,2,2,2,2,2,2,2,2,3,2,2,2,2
artysia.studio,3,2,2,1,2,1,3,1,2,2,2,4,2,2,2,2,2,3,2,2,2,2,2,3,3,2,2,2,2,2,2,3,2,3,2,2,2
rysia_k,3,2,2,1,1,1,3,1,2,3,1,2,1,3,2,3,3,2,2,2,2,2,2,3,3,2,2,3,2,2,2,2,3,2,2,2,3
620_nad_poziomem_morza,2,2,2,2,2,2,2,2,3,4,2,2,3,2,2,2,2,2,3,2,3,2,3,2,2,3,2,2,2,2,2,3,3,3,2,2,3
edziix_,1,0,0,0,0,0,3,1,3,1,0,1,3,1,4,0,1,3,1,2,2,2,1,1,1,2,2,1,2,1,3,3,1,2,2,4,0
daagmarra,0,0,4,0,3,0,4,1,1,2,1,3,3,1,4,0,3,2,4,1,2,2,3,1,2,1,3,1,1,2,3,1,4,2,1,4,0
photographer_mario_will,0,3,4,1,4,1,0,0,3,1,1,3,3,2,1,3,3,1,4,0,2,2,1,3,3,1,3,1,2,2,1,3,4,2,3,3,1
jedz.pysznie,3,2,3,0,1,1,3,1,4,3,2,3,3,0,3,1,4,2,4,0,1,2,2,3,3,3,1,2,3,1,3,1,3,2,3,1,3
swietlni,3,1,3,1,3,2,4,3,3,3,2,3,3,1,3,1,3,2,3,1,3,1,2,3,3,3,2,3,3,1,2,3,3,2,3,1,4
b.obikko,2,4,4,3,1,3,3,2,1,1,1,4,3,1,3,1,4,1,4,1,3,1,2,3,2,3,3,3,2,2,3,2,3,3,3,1,3
sosnaijegosadzonki,3,3,4,1,3,1,4,3,3,3,1,3,3,2,3,1,3,2,3,1,3,1,2,3,4,3,2,3,3,3,3,2,3,3,3,1,3
fotomateczka,3,1,1,1,1,3,3,3,3,4,3,1,2,1,1,2,1,1,1,1,1,3,1,3,3,1,1,3,3,1,3,2,3,2,3,3,2
fit_gruszecka,4,2,3,1,3,1,4,3,2,3,3,3,3,1,3,1,3,2,3,1,3,1,2,3,4,2,2,3,3,2,1,3,3,3,3,1,3
k.bukowska,3,0,3,1,3,1,3,3,3,3,3,2,1,3,3,1,1,2,1,3,2,3,1,3,4,1,1,3,3,1,3,3,2,2,3,1,3
issabelall,3,1,1,0,1,1,2,3,3,3,2,1,1,3,3,1,3,3,3,2,2,3,,1,3,2,1,2,3,1,3,1,3,2,3,1,3
why_book_,2,3,3,3,2,1,2,1,3,2,1,3,3,1,3,1,3,3,3,1,3,1,3,3,3,3,2,3,2,2,3,3,3,3,3,1,3
kitchenbymara,3,3,1,1,1,1,1,3,3,3,2,3,1,3,1,4,3,4,3,3,1,1,1,3,3,0,1,1,3,3,3,3,3,3,3,1,2
suurvive,4,3,3,2,3,1,1,3,3,3,1,3,1,3,3,1,4,3,3,0,3,3,1,4,4,1,2,1,1,4,1,1,3,3,3,0,3
karolinawiniarska.autor,2,3,3,2,3,1,2,3,3,2,3,,3,1,3,1,3,2,3,1,3,1,3,2,3,3,1,2,3,1,1,3,3,3,3,1,3
wydawnictwoznakpl,3,4,1,1,1,1,0,3,3,1,1,3,1,3,1,1,3,3,3,3,1,1,0,3,3,3,1,1,3,3,4,3,3,3,3,0,1
karolqaa,4,1,3,1,3,3,1,3,4,1,1,3,3,1,4,0,3,1,3,0,1,1,1,4,4,3,3,0,3,1,3,3,3,2,4,1,1
iggypizza,1,0,0,0,0,1,0,3,1,1,1,3,3,1,3,0,2,3,1,0,1,0,1,1,3,1,1,1,0,1,1,1,1,3,,1,3
martynagrajcke,3,3,3,0,1,1,3,3,3,3,1,3,4,0,4,0,3,3,2,1,1,1,1,3,4,1,4,1,1,3,1,3,3,3,3,1,4
kasper.mackowiak,4,3,4,1,3,3,0,3,3,4,4,4,3,1,4,0,3,4,3,1,3,1,3,3,4,3,3,3,2,3,4,4,1,3,4,1,3
plgbc,4,3,4,1,3,1,0,4,3,3,4,3,3,1,4,0,4,3,3,1,3,1,0,3,4,3,1,0,3,0,4,3,3,3,4,0,4
_pawcio_17,3,3,3,0,1,0,0,3,1,1,0,3,0,3,1,3,3,3,3,3,1,1,1,4,3,1,1,0,1,3,3,4,4,3,4,1,3
uciekamywbieszczady,3,3,1,1,1,3,0,3,3,3,3,4,1,1,3,1,3,3,4,4,1,1,3,3,3,2,3,3,1,3,0,3,3,3,3,1,3
martapazera,3,3,3,1,3,1,0,1,3,3,3,3,3,1,3,1,3,3,3,1,1,3,1,4,3,1,1,1,3,1,3,3,4,3,3,3,1
joanna_sobierajska,3,3,3,1,1,1,3,3,3,4,1,3,3,1,3,1,3,3,3,1,1,1,3,3,4,2,3,1,3,1,3,3,3,3,3,1,3
whiteboooks,3,3,3,1,3,3,1,3,3,3,3,3,3,1,3,1,3,3,3,2,3,3,1,3,4,3,1,1,3,1,3,3,3,4,3,0,4
blindsapphire,3,3,3,1,3,3,1,3,3,4,1,3,3,1,3,1,3,3,3,1,3,3,1,4,4,3,3,3,3,1,3,1,3,4,3,0,4
staraochota_skrawki,3,3,1,3,1,3,1,1,3,3,1,3,3,1,3,1,4,3,4,1,3,1,1,3,3,3,3,1,1,3,3,3,3,2,4,4,0
artfreak_pl,4,3,1,3,3,3,1,3,3,3,3,3,3,1,3,1,3,3,3,3,3,1,1,3,3,3,3,1,3,1,3,3,4,4,3,0,4
leo_mega_mix,3,3,1,3,3,3,3,1,3,3,3,3,3,1,3,1,3,3,3,3,2,2,1,3,3,3,3,3,3,1,3,3,3,3,3,1,3
nabakowskapracowniawnetrz,3,3,1,3,1,1,1,3,4,3,3,4,3,1,3,1,3,3,3,3,3,3,1,3,3,3,1,1,3,1,3,3,3,3,3,1,3
ketomagazyn,3,3,1,3,1,1,1,3,3,3,1,3,3,1,3,1,3,3,3,1,3,1,3,3,3,3,1,1,3,1,3,3,3,3,4,1,3
n.on_back,3,3,1,3,3,1,3,3,3,3,1,3,3,1,3,1,3,3,3,1,3,1,1,3,4,3,1,1,3,1,1,3,3,3,3,1,3
polczykmua,3,3,1,3,1,1,3,1,3,1,1,3,3,1,3,1,3,3,1,1,3,1,1,4,3,1,1,1,3,1,3,3,3,3,3,1,3
drdietka,3,3,1,3,3,1,1,3,3,1,1,3,3,1,4,1,3,3,3,1,3,1,1,4,4,3,1,1,3,0,3,1,3,3,3,0,4
razemlepiejpodcast,4,4,1,3,3,1,3,1,3,3,1,3,3,1,3,1,4,3,3,1,3,1,1,3,3,3,1,1,3,1,1,3,3,3,4,0,4
patij_fit,3,4,1,3,3,1,4,1,3,3,1,3,1,3,3,1,3,3,3,1,3,1,1,4,4,1,1,1,3,1,1,3,4,3,3,1,3
kittyailla,3,3,0,3,1,1,1,3,3,3,1,3,1,3,3,1,3,4,3,3,3,1,3,3,3,1,1,1,3,1,3,3,3,3,3,1,3
anetaborysiewicz85,3,3,3,4,3,1,4,3,3,3,1,3,4,0,3,1,3,3,3,1,3,1,1,3,3,3,1,1,3,1,3,3,3,3,4,3,1
mlodamama_fit,3,0,1,0,3,1,0,1,3,4,0,0,1,3,1,3,3,2,1,2,1,1,1,3,3,1,2,4,2,2,1,3,3,2,2,0,4
smilesuee,3,3,1,3,3,1,3,1,3,3,1,3,3,1,3,1,3,3,3,1,3,1,1,4,3,3,3,1,3,1,3,3,3,3,3,3,1
ajourneytoyourself,3,3,0,0,0,0,0,0,3,3,0,3,3,1,1,3,3,1,3,0,1,3,1,3,3,0,2,1,0,0,1,3,3,2,3,1,3
k_madam,3,3,1,3,3,3,1,1,3,1,3,3,4,0,4,0,3,3,3,1,3,1,3,3,3,3,3,3,3,1,3,1,3,3,3,1,3
pan_lis,0,1,3,3,3,1,1,3,1,0,1,4,4,0,1,3,3,1,3,0,1,1,4,0,3,1,4,1,2,2,3,1,4,3,3,4,1
czytelniczy.sad,3,4,0,0,3,0,0,0,3,1,0,0,0,4,1,3,0,2,1,2,3,1,1,3,1,3,2,2,2,2,1,3,3,4,1,1,3
_alex_sandra_mama_,3,3,0,3,1,1,1,3,3,3,1,3,3,1,3,1,3,3,4,3,3,1,3,3,3,3,1,1,3,1,3,3,3,4,3,1,3
niezleziolkoblog,3,3,1,1,3,1,3,3,3,1,1,3,3,1,3,1,3,3,3,1,1,3,3,3,3,3,1,1,3,1,3,3,3,3,4,0,4
doomifit,3,4,1,3,4,1,1,1,3,3,3,3,4,0,3,1,3,4,3,1,4,3,1,3,3,3,1,3,3,1,3,3,3,3,4,1,3
panich4os,3,3,3,3,1,3,1,1,3,3,3,1,4,0,3,1,3,3,1,1,3,1,1,3,1,3,1,3,1,3,3,3,3,3,3,3,1
basia_bartas,3,3,1,1,3,1,1,3,3,3,1,3,3,1,3,1,3,3,3,1,3,1,1,3,3,3,1,1,3,1,3,3,3,3,4,1,3
paulinarubaszka,3,3,1,1,1,1,3,1,3,1,1,3,3,1,3,1,3,3,1,3,3,1,3,3,3,1,1,1,3,1,3,3,3,1,3,3,1
qqa_mrt,3,3,1,1,3,1,3,1,3,3,1,1,3,1,3,1,3,3,3,1,3,1,1,3,3,1,1,1,3,1,3,3,3,3,1,1,3
dumelcompl,3,3,1,1,3,1,3,1,3,1,1,3,3,1,3,1,1,3,3,3,4,0,1,3,3,3,1,3,3,1,3,3,3,3,4,1,3
muai.studio,3,3,1,1,1,1,1,1,3,3,1,3,3,1,3,1,3,3,1,1,3,1,1,3,3,1,1,1,3,1,3,4,4,3,1,1,3
lilylife.pl,3,3,3,1,3,1,3,1,3,3,1,3,3,1,3,1,3,3,1,1,3,1,1,3,3,3,1,1,3,1,3,3,3,3,3,3,1
karolina_er_,3,3,1,1,3,1,3,1,3,1,1,3,3,1,3,1,3,3,1,1,1,3,1,3,1,3,1,1,3,1,1,3,3,3,3,3,1
konopnadoktorka,3,3,1,3,3,3,1,1,3,3,1,3,3,1,3,1,4,3,4,0,3,1,1,3,3,3,3,1,3,1,4,3,3,3,3,1,3
lavaredestylarnialawendy,3,3,1,1,3,1,1,1,3,3,1,4,3,1,3,1,3,3,4,1,3,1,1,3,3,1,1,1,1,3,3,3,1,3,3,1,3
slowlifemydiary,3,3,1,3,3,1,3,1,3,3,1,3,3,1,3,1,3,3,3,1,3,1,1,3,3,3,3,1,3,1,3,3,3,3,3,1,3
eulallka,3,3,1,1,1,1,1,1,3,3,1,3,3,1,3,1,3,3,3,1,3,1,1,3,3,1,1,1,3,1,3,3,3,3,3,1,3
dieta_bez_diety,4,3,1,1,3,1,0,3,3,3,3,3,3,1,3,1,3,3,3,1,3,1,1,3,3,3,1,1,3,1,3,3,1,3,4,0,4
sylwia_romanek,3,3,1,1,4,1,1,1,4,1,1,3,3,1,3,1,3,3,3,1,3,1,1,3,3,1,1,1,1,3,4,3,3,3,4,1,3
angelika_knop92,4,3,1,1,3,1,1,1,4,3,1,3,3,1,3,1,3,3,1,1,3,1,3,3,3,3,1,3,3,1,3,1,3,3,4,1,3
wniebowziete_,3,3,1,1,1,1,1,1,3,1,1,3,1,3,3,1,3,3,3,3,3,1,1,4,4,3,1,3,1,3,3,1,3,3,4,1,3
polka_w_toskanii,4,3,1,3,3,1,4,1,3,1,1,3,3,1,3,1,3,3,4,1,3,1,1,4,3,3,1,1,3,1,3,1,3,3,3,3,1
dailywitekwtk,1,1,1,3,1,1,1,1,3,3,1,3,3,1,3,1,3,1,1,0,3,1,3,3,1,1,3,1,3,1,1,1,3,1,3,4,0
z_ksiazka_na_obcasach,3,3,1,1,1,1,3,1,3,1,3,3,4,0,3,1,3,3,1,1,3,1,3,3,3,3,1,1,3,1,3,3,3,3,3,1,3
koncertowezycie,3,1,3,0,3,0,0,1,3,3,0,1,0,4,1,3,1,3,1,4,3,1,1,4,3,2,3,4,2,2,1,3,3,2,3,1,3
major_diwan,0,1,3,0,1,3,0,0,3,1,3,1,3,1,3,1,3,4,3,1,3,1,1,2,1,3,3,3,2,2,1,3,1,3,1,2,2
art_belfer,1,4,0,0,0,0,0,0,3,1,0,1,1,3,2,2,3,3,3,1,3,1,2,2,2,3,2,1,2,2,2,3,1,4,1,2,2
byledodrzemki,3,3,1,1,3,1,4,3,4,1,1,3,3,1,3,1,3,3,3,1,3,1,1,3,3,1,1,1,3,1,3,3,3,3,4,3,1
aniagwiazdaa,3,3,1,1,1,1,1,3,3,1,1,3,3,1,3,1,3,3,1,1,3,1,1,3,3,1,1,1,3,1,3,3,3,3,3,3,1
mateusz.sternal,3,3,1,3,4,3,1,1,3,3,3,3,4,0,4,0,3,3,3,1,1,3,1,1,3,4,3,1,3,1,3,3,3,3,4,1,3
wydawnictwo_element,3,3,1,1,3,1,1,1,3,3,3,3,3,1,3,1,1,3,3,3,3,1,1,3,3,4,1,1,3,1,3,1,4,4,3,1,3
keto_kocur,3,3,1,3,1,1,1,1,3,3,4,4,4,0,3,1,3,3,1,1,3,1,3,3,1,3,3,1,3,1,3,1,3,1,3,4,0
paczynka_dietician,3,3,3,1,3,3,3,1,3,3,3,3,3,1,3,1,3,3,3,1,3,1,1,3,3,3,1,3,3,1,3,3,3,3,4,1,3
justyna_gaca,3,3,1,3,3,3,1,1,3,3,3,3,4,0,4,0,3,3,3,1,3,1,1,3,3,3,3,1,3,1,3,1,3,3,3,1,3
brzuchomechanika,3,3,1,1,3,3,1,1,3,3,3,3,3,1,3,1,3,3,3,1,3,1,1,3,3,3,1,3,3,1,3,3,3,3,4,0,4
muntowska,1,3,1,1,1,1,1,1,3,3,1,3,3,1,3,1,3,1,3,0,3,1,3,3,1,1,1,1,3,1,3,3,3,1,3,3,1
adam_romek,4,3,4,3,3,3,1,1,3,3,3,4,3,1,3,1,3,3,3,1,3,1,1,3,3,4,3,1,3,1,3,1,3,3,4,1,3
teasnflowers,3,1,3,0,3,0,3,4,3,3,1,3,4,0,3,1,3,2,2,0,1,3,2,3,4,1,3,1,2,2,1,2,4,2,4,1,3
momo.ffour,3,3,1,1,1,1,1,1,3,3,1,3,3,1,3,1,3,3,3,1,3,1,1,3,3,3,1,1,3,1,3,3,3,3,3,1,3
dorisinsocialmedia,3,3,1,3,3,1,1,1,3,1,3,4,3,1,3,1,3,3,3,1,3,1,1,3,3,3,1,1,3,1,3,1,3,4,4,3,1
lucas3city,3,3,1,1,1,1,3,1,3,1,1,3,3,1,3,1,3,3,1,1,3,1,1,3,3,3,3,1,3,1,3,3,3,1,3,3,1
aga_bugaj,4,4,1,1,3,1,4,1,3,1,1,3,3,1,3,1,3,3,1,1,3,1,1,3,3,3,1,1,3,1,3,3,3,3,4,0,4
kasiadulko,4,3,1,3,3,3,1,3,4,3,3,4,3,1,3,1,3,3,1,3,3,1,1,3,3,3,3,1,3,1,3,3,3,3,4,3,1
weronika_health_fit_life,3,3,1,1,1,1,1,1,4,3,1,4,3,1,3,1,3,3,1,1,3,1,1,3,3,3,1,1,3,1,3,3,3,3,4,1,3
lab.07,3,3,1,3,3,1,1,1,3,1,3,4,3,1,3,1,3,3,3,0,3,1,1,3,3,3,3,1,3,1,3,1,4,3,3,1,3
marcinn.ch,3,3,3,3,3,1,1,1,1,3,3,4,3,1,3,1,3,3,3,1,3,1,1,3,1,1,1,1,3,1,3,3,4,3,3,3,1
skladnikiszczescia,3,3,1,3,3,3,1,1,3,1,3,3,3,1,3,1,3,1,3,1,3,1,1,3,3,3,1,1,3,1,3,1,3,4,3,3,1
pasjonatkaestetka,3,3,1,3,3,1,3,1,3,1,1,4,3,1,3,1,3,3,1,1,3,1,1,3,3,3,1,0,3,1,3,3,3,3,4,1,3
bo_tak_chce__,3,3,1,1,1,1,1,3,3,3,3,4,3,1,3,1,1,3,1,1,3,1,1,3,3,3,1,1,3,1,3,3,3,4,3,3,1
krusia_domatorka,4,4,1,1,3,1,1,3,3,1,3,3,3,1,3,1,3,4,3,1,3,1,1,3,3,3,1,1,3,1,4,3,3,4,3,1,3
felicjada,3,3,0,0,1,1,1,1,4,3,1,3,3,1,3,1,3,3,3,1,3,1,1,3,4,3,1,1,3,1,4,3,3,3,3,3,1
ania_z_anina,3,3,1,3,1,3,0,3,3,3,3,3,4,0,3,1,3,1,1,3,3,1,3,3,1,4,3,1,3,1,3,1,1,3,4,1,3
dr.michal.czapla,3,4,1,1,3,3,1,1,3,3,3,3,3,1,3,1,4,3,3,1,3,1,1,3,3,3,3,1,3,1,3,1,3,3,4,3,1
ledwoledwo,3,3,1,3,3,3,3,1,3,1,3,3,3,1,3,1,4,3,3,0,3,1,1,3,3,4,1,1,3,1,3,3,3,3,3,3,1
viola_okiem_dietetyka,4,3,3,3,3,4,1,1,4,3,4,4,3,1,3,1,3,3,3,0,3,1,3,3,3,3,3,1,3,1,3,3,3,3,4,1,3
wozniak_swimandtrain,3,3,1,3,3,3,1,1,3,3,3,3,4,0,4,0,3,3,3,1,3,3,1,3,1,3,3,1,3,1,3,1,3,3,3,3,1
science_effect,3,3,1,3,1,3,1,1,3,3,4,3,3,1,3,1,3,3,3,1,3,1,1,3,3,3,3,1,3,1,3,3,3,4,3,0,4
dobredomy,3,3,0,0,1,1,1,1,1,3,1,3,3,1,3,1,3,4,3,3,3,1,1,3,1,1,1,1,3,1,3,3,3,3,1,3,1
jabzowka,1,3,3,0,3,0,0,0,4,3,1,3,3,1,3,1,4,3,3,1,3,0,2,2,3,2,3,1,2,2,1,3,3,3,1,1,3
zaczytana_tak_po_prostu,3,3,0,0,3,0,0,3,4,1,0,1,1,3,1,3,1,3,1,3,1,4,0,2,1,2,1,1,2,2,3,3,3,4,1,3,1
kiedymamaniespi,4,0,0,0,0,2,0,0,3,4,0,0,1,3,1,3,2,1,1,3,2,0,0,3,4,1,2,4,2,2,1,3,3,2,2,0,4
pani_tester,0,3,0,0,3,0,0,0,3,4,0,3,1,3,2,2,3,2,1,0,2,1,3,2,2,2,0,0,2,2,3,1,3,2,1,4,0
blogtasteaway,1,1,4,0,3,0,0,3,4,3,0,1,2,2,3,1,4,2,4,1,3,0,2,2,3,1,3,3,2,2,1,3,3,2,2,2,2
klaudyszon,3,3,1,3,3,3,1,1,4,3,3,3,3,1,3,1,3,3,3,1,3,1,1,3,3,3,1,1,3,1,3,1,3,3,4,1,3
baba_wrap_unofficial,3,3,1,1,1,1,3,1,3,1,1,3,3,1,3,1,1,3,1,1,3,1,1,3,3,1,1,3,3,1,3,1,3,3,3,3,1
prawodumna,3,3,1,1,1,3,1,1,3,3,3,3,3,1,3,1,3,3,1,1,3,1,3,3,3,3,1,3,3,1,3,1,3,3,3,1,3
ruda_czyta,3,3,1,1,3,1,1,1,3,3,1,3,3,1,3,1,3,4,3,3,3,1,1,3,3,3,1,1,3,1,3,1,3,4,3,1,3
mateusz.rus,3,3,1,1,1,1,1,1,3,3,1,3,3,1,3,1,3,3,3,3,3,1,1,3,3,1,1,1,3,1,3,1,3,3,1,3,1
monikagackowska.dietetyk,3,3,1,1,3,3,3,1,3,1,3,3,3,1,3,1,3,3,3,3,3,1,1,3,3,3,1,1,3,1,3,1,3,3,3,3,1
krolowa.marysienka,3,3,1,1,3,3,3,1,3,1,1,3,3,1,3,1,3,3,3,3,3,1,1,3,3,1,1,1,3,1,3,1,3,3,3,1,3
keto_kocur,3,3,1,3,1,3,1,1,3,3,3,3,4,0,3,1,3,3,1,1,3,1,1,3,1,3,3,1,3,1,1,3,3,3,3,3,1
gabrieladom17,3,3,1,1,1,1,1,1,3,3,3,4,3,1,3,1,3,3,3,1,1,3,1,3,1,1,1,1,3,1,3,1,3,3,1,3,1
indigobyjoannabandurska,3,3,1,1,3,3,1,1,3,1,3,3,3,1,3,1,3,3,1,1,3,1,1,3,3,1,1,1,3,1,4,1,3,3,3,1,3
marta_pomaluje,3,3,1,1,3,1,3,1,3,1,3,3,3,1,3,1,3,3,3,1,3,1,1,3,3,3,1,1,3,1,3,3,3,3,3,1,3
flammacandles,3,3,1,1,3,1,1,1,3,1,4,3,3,1,3,1,3,3,1,1,3,1,1,3,3,3,1,1,3,1,3,3,3,3,4,1,3
magdalenazieleniewskateam,3,3,1,3,3,3,1,1,3,3,4,3,3,1,3,1,3,3,3,1,3,1,3,3,3,3,1,1,3,1,3,1,3,3,3,3,1
sandrawisniewska__,3,3,1,1,1,1,1,1,3,3,3,3,3,1,3,1,3,3,1,1,3,1,1,3,3,1,1,1,3,1,3,3,3,3,3,3,1
pannasia,3,3,3,3,1,3,3,1,3,3,3,4,4,0,4,0,4,3,3,1,3,1,1,3,3,3,3,1,3,1,1,3,3,3,4,3,1
klucz_dosukcesu,4,4,0,1,3,3,3,1,4,3,1,3,3,1,3,1,3,3,3,3,3,1,1,3,3,1,1,1,3,1,3,3,3,4,3,1,3
ruda.ma.talent,1,3,0,0,0,0,3,1,1,1,1,3,3,1,3,1,1,3,1,1,3,1,1,3,1,1,1,1,3,1,1,3,3,1,1,3,1
cafette21,3,1,0,1,1,3,1,1,3,1,1,3,3,1,3,1,3,3,1,1,3,1,1,3,3,1,1,1,3,1,1,3,3,3,1,3,1
polawalentkowska,3,3,1,3,3,3,3,1,3,1,3,3,3,1,3,1,3,3,3,1,3,1,1,3,3,1,1,1,3,1,1,3,3,3,3,1,3
onajedna_home,3,3,0,1,1,3,1,1,3,1,3,3,3,1,3,1,3,3,1,1,3,1,1,3,3,3,1,0,3,1,3,3,3,3,3,1,3
ziarenkomaku,3,3,0,0,3,0,0,1,4,3,0,1,1,3,1,3,3,2,1,1,2,0,2,3,3,2,2,2,2,2,1,4,3,2,3,1,3
magda_urbanska_blog,3,3,0,0,0,0,0,0,2,4,0,1,0,4,1,4,1,3,0,4,1,1,0,3,4,0,2,4,1,1,1,3,3,1,4,0,4
languagebay,1,4,4,0,3,0,0,3,4,1,0,3,3,1,3,1,4,4,3,0,3,0,2,2,2,2,3,1,3,0,1,3,2,4,1,3,1
ankawstanka,3,3,1,1,3,1,3,1,3,0,3,3,3,1,3,1,3,3,1,1,3,1,1,3,4,1,1,0,3,1,1,3,3,3,3,3,1
wyslowiona,4,3,1,3,3,3,1,1,3,1,3,3,4,0,4,0,3,3,3,1,3,1,1,3,3,3,1,1,3,1,1,3,3,4,3,3,1
wega_lifestyle,3,3,1,3,3,3,1,1,3,3,4,4,3,1,3,1,3,3,3,1,3,1,1,3,3,3,1,1,3,1,1,3,3,3,4,1,3
krakowskie_szkoly_artystyczne,3,3,1,3,3,3,1,1,3,3,3,4,3,1,3,1,3,3,3,1,3,1,3,3,3,3,1,1,3,1,3,1,4,3,3,3,1
tam_i_nazot,3,3,3,3,1,3,1,1,1,1,3,3,3,1,3,1,3,3,4,1,3,1,1,3,1,1,3,1,3,1,1,3,4,3,3,3,1
sklep.brat.pl,2,3,0,0,3,0,0,0,3,3,0,0,1,3,2,2,3,3,0,0,3,1,2,1,2,4,0,1,2,2,0,3,1,3,1,2,2
kasia.gw,4,3,0,0,0,0,0,0,3,4,0,0,1,3,1,3,3,3,0,0,2,2,2,3,1,3,2,4,2,2,2,3,4,2,2,0,4
jestrudo,1,3,3,1,4,0,1,4,3,0,0,4,3,1,4,0,1,3,3,0,1,3,3,1,4,2,3,2,2,2,3,1,4,2,2,4,0
portalkobietcom,0,0,2,3,2,0,4,0,2,0,3,0,4,0,3,0,2,2,4,0,2,2,3,1,2,2,3,1,2,1,0,0,4,2,2,4,0
zawod_dietetyk,2,3,1,0,3,0,0,0,4,4,0,0,2,2,2,2,3,4,3,1,4,0,0,3,2,4,2,2,2,2,2,3,1,3,2,3,1
domsonczyta,1,3,0,0,3,0,0,3,4,1,0,0,1,3,1,3,2,2,2,2,2,1,1,3,3,2,1,1,2,2,3,3,1,4,1,3,1
alabasterfox,1,0,0,0,3,0,4,1,1,1,0,0,3,1,3,1,0,1,1,0,0,3,3,1,4,1,2,2,2,2,3,1,4,2,1,4,0
chef_kubulewski,0,3,3,0,3,0,0,4,3,1,0,3,3,1,3,1,4,2,3,0,3,0,1,2,2,2,3,0,2,2,1,3,0,2,2,2,2
aleksandra.herec,1,4,4,0,3,0,1,2,1,0,3,4,3,1,2,2,4,1,3,0,3,1,0,3,2,4,3,1,2,2,1,3,3,3,1,3,1
rykalskaa,3,1,0,0,1,0,0,3,3,4,1,3,0,4,0,4,1,3,0,3,1,3,0,3,4,1,1,4,2,0,3,2,4,2,3,0,4
dywanyluszczow,3,0,1,0,3,0,0,0,4,1,0,4,2,2,1,3,3,0,3,2,2,1,4,3,0,3,2,2,2,2,2,3,3,1,2,2,2
domiogrod_przedsnem,3,3,0,0,4,0,0,4,3,3,0,3,1,3,1,3,1,3,2,2,2,1,1,3,2,2,2,1,2,2,1,3,2,3,1,3,1
maartiiix3,0,0,0,0,1,0,4,3,3,0,0,1,3,1,3,1,3,1,1,2,1,3,1,3,4,1,2,2,1,1,3,1,4,2,2,4,0
wynaturzonablog,3,4,0,0,3,0,0,3,3,4,0,0,1,3,1,3,2,3,3,1,4,1,0,3,2,2,1,1,2,2,3,3,4,2,3,3,1
joanna.w_ke,3,1,0,0,0,0,0,3,3,4,0,0,0,3,1,3,1,3,1,3,2,0,0,3,4,1,1,4,2,2,2,3,4,2,3,0,4
maddlajnn,1,0,0,0,1,,4,1,3,0,0,0,3,1,4,0,3,0,4,0,0,3,0,1,4,1,2,2,2,2,3,1,4,1,3,3,1
jezuici,4,3,0,0,0,0,0,0,1,0,0,0,0,4,1,3,1,4,0,4,3,0,0,3,1,3,2,2,2,2,1,3,1,4,4,1,3
xkarmarber,3,0,0,0,0,0,3,0,3,4,0,0,4,0,1,3,3,1,0,0,0,2,2,2,3,2,1,1,2,2,1,1,4,2,3,4,0
czytam2020,2,3,3,1,2,1,1,1,1,3,1,3,3,1,3,1,3,1,3,1,3,1,1,3,3,3,2,1,1,1,3,1,3,3,2,3,1
alicja.official,3,1,3,0,4,0,3,3,1,0,0,1,3,1,3,1,4,3,3,0,1,2,1,3,4,1,3,1,2,2,1,3,4,2,1,3,1
dariagaffke,1,1,0,0,0,0,3,0,2,2,2,2,1,3,2,2,1,3,2,3,2,2,1,3,2,1,2,3,2,2,2,2,3,3,2,2,2
slavicgymnastic,1,4,1,0,3,0,0,0,3,3,1,0,3,1,1,3,4,4,4,0,1,1,1,4,3,1,1,1,3,1,1,4,4,1,4,4,0
magdaczerkies,4,1,0,0,1,0,0,3,4,4,1,0,0,4,1,3,1,1,1,3,3,1,0,3,4,2,1,4,3,1,1,3,4,3,1,0,4
rozowawieza,3,4,3,0,3,0,0,0,3,4,0,3,2,2,3,1,3,4,3,1,3,1,0,3,1,4,3,1,3,1,0,3,1,4,1,0,4
daszewskaflorist,1,0,0,0,3,0,4,3,3,3,0,4,3,1,3,1,4,1,1,1,1,0,0,3,4,1,1,1,3,0,1,3,4,0,3,0,4
printy_mum,3,1,0,0,1,3,0,1,3,4,1,0,1,3,0,4,1,3,1,3,1,1,0,4,4,1,1,4,2,2,1,3,4,1,1,0,4
adamowiczangelika,1,0,0,0,1,0,0,4,1,0,0,1,3,1,2,2,1,0,1,1,0,4,3,1,1,2,2,2,2,2,4,1,3,2,1,4,0
kwejk,0,0,0,3,0,0,0,4,3,0,0,0,2,2,2,2,2,2,2,0,0,4,4,0,0,0,0,0,2,2,4,0,0,0,0,2,2
akwarela_,1,3,0,0,1,0,0,3,3,1,0,1,1,3,1,3,1,3,0,3,0,0,0,3,4,1,0,1,2,2,1,3,0,3,1,4,0
veraicon_lifestyle,1,4,1,1,3,0,0,0,3,1,0,1,1,3,3,1,1,2,1,2,3,1,,3,1,3,1,3,3,1,1,3,1,4,1,1,3
poczujsielepiej,3,3,4,2,3,3,3,4,3,2,2,3,1,3,3,1,3,2,3,1,3,1,1,3,3,2,2,3,3,2,3,4,3,4,3,1,3
karolinamizdal,3,1,3,0,3,1,3,3,3,3,3,2,1,3,3,1,3,3,3,1,1,2,1,3,3,1,1,3,3,1,1,3,3,2,3,1,4
erillsstyle,3,1,3,1,3,1,3,3,3,2,3,3,3,1,3,1,3,1,3,1,1,2,2,3,3,3,2,3,3,1,2,3,3,3,3,1,3
kasia_plawecka,3,1,3,1,1,0,3,3,3,2,3,3,3,1,3,1,3,3,3,1,1,3,1,3,3,2,1,3,3,1,2,3,3,2,3,3,1
mazurskigospodarz,1,4,1,0,1,1,0,1,4,1,0,0,2,2,3,1,1,4,1,0,4,0,1,3,2,4,1,2,3,1,0,3,1,4,1,2,2
dywanyluszczow,3,1,0,0,1,0,0,3,4,1,0,1,1,3,1,3,3,2,0,3,1,2,2,2,1,1,2,2,3,1,1,3,3,1,2,1,3
potrzebawioski,3,4,3,0,3,2,1,3,3,4,0,1,1,3,3,1,3,4,3,0,4,0,1,3,3,4,3,4,4,0,1,3,3,4,1,0,4
26_days_off,2,1,4,1,3,1,0,1,3,1,1,3,3,1,0,4,3,2,4,1,3,1,1,3,4,1,3,1,3,0,1,3,4,1,3,4,0
naszswiatt,3,1,0,0,4,0,0,3,4,3,0,0,0,4,1,3,3,2,1,2,1,1,0,4,3,1,2,1,0,2,1,3,4,1,4,2,2
ann_juliette,1,3,0,0,0,0,0,1,3,1,0,0,1,3,1,3,2,3,1,2,1,0,1,3,3,1,1,3,1,1,0,4,3,3,1,3,1
zdrowoczylisexy,2,4,0,0,3,1,0,3,4,3,0,0,3,1,3,1,4,4,3,0,3,0,0,1,2,3,3,1,3,1,0,3,1,4,1,3,1
paulinowa,2,1,3,1,4,0,0,4,3,1,0,3,2,2,3,1,4,2,3,0,1,1,1,3,3,1,2,2,4,1,1,3,3,3,1,3,1
angelika_mit,3,1,0,0,1,0,0,4,3,4,0,0,1,3,3,1,1,3,1,1,1,1,1,3,4,1,1,4,2,2,1,3,4,1,1,0,4
rutynowa,3,4,1,0,1,0,0,3,4,0,0,0,2,2,1,3,3,4,1,3,1,1,1,3,3,2,1,1,2,2,1,3,1,4,1,4,0
aga.lanius,3,3,0,0,3,0,0,0,4,3,3,1,3,1,1,3,2,2,1,0,0,0,0,3,3,1,0,1,2,2,1,4,3,3,2,4,0
zmotywowany_,1,1,0,0,3,1,0,0,1,1,3,3,4,1,4,0,3,1,1,0,1,4,4,1,1,1,3,1,1,3,4,1,1,0,1,4,0
balickadesign,3,3,1,0,3,0,0,1,3,3,1,4,3,1,1,3,3,3,1,1,3,0,1,3,4,3,1,1,2,2,1,4,3,3,1,3,1
ninika.muszynka,3,1,3,3,1,0,0,4,2,1,0,1,4,0,4,0,1,1,3,0,1,0,0,3,4,1,3,1,3,1,0,2,4,2,2,3,1
sawik_style,1,0,0,0,3,0,0,0,1,0,3,3,4,0,4,0,1,0,1,0,0,3,3,0,0,2,2,2,2,2,3,1,1,0,0,4,0
magbi77,1,0,0,0,3,0,3,4,1,1,0,1,3,1,3,1,1,0,3,1,2,1,1,3,4,1,3,1,3,1,1,3,4,2,2,3,1
filizankazmieta,3,3,3,2,3,1,3,3,3,2,1,3,3,1,3,1,3,1,3,1,3,1,2,3,3,3,2,2,3,1,3,3,3,4,3,1,3
milionrazy,3,2,3,1,3,1,4,3,3,3,2,3,1,3,1,4,3,1,3,1,3,1,2,3,4,3,2,3,2,3,1,3,4,3,3,1,3
kwiaciarnia_ewa_antczak,3,1,3,0,3,1,3,3,3,1,3,3,1,3,3,1,3,1,3,1,3,1,3,1,2,3,1,3,3,1,4,3,2,2,3,1,3
kurczaki_,3,1,3,1,3,2,3,3,3,4,3,3,1,3,3,1,3,1,3,1,1,3,2,3,3,1,2,3,3,1,1,3,3,2,3,1,4
ewarzetelna_agentnieruchomosci,3,1,3,1,1,1,3,3,2,3,2,3,1,3,3,1,3,1,3,1,3,1,1,3,2,3,1,3,3,1,1,3,3,3,3,3,1
wymarzone_mieszkanie,3,2,3,1,3,2,3,2,3,1,3,3,3,1,3,1,3,1,3,1,3,1,1,3,1,3,2,3,2,3,3,1,2,2,3,1,3
ekobutelka,3,1,3,3,2,3,3,3,3,3,3,4,3,1,3,1,3,1,3,1,1,3,1,3,3,3,1,3,2,3,3,1,3,3,3,3,1
_niebieskiemigdaly_,3,4,3,3,3,2,2,3,3,3,1,3,3,1,3,1,3,3,3,1,3,1,2,3,3,3,2,3,3,2,3,3,3,4,3,3,1
step_into_the_past_,2,3,3,3,2,3,2,3,1,1,1,3,3,1,3,1,3,1,3,1,3,1,3,1,2,3,3,1,2,2,3,1,3,3,2,3,1
krewetkowo,3,1,3,1,3,3,3,3,1,3,3,3,1,3,3,1,3,1,3,1,3,1,1,3,3,2,1,3,3,1,2,3,3,2,3,1,4
lubie_gary,3,1,3,1,1,1,3,3,3,3,2,3,3,1,3,1,3,1,3,1,3,1,1,3,3,3,2,3,3,1,3,2,3,3,3,1,3
gragorsiak,3,1,3,0,2,1,3,3,3,3,2,3,3,1,3,1,2,3,3,1,2,3,0,3,3,3,1,3,3,1,3,3,3,2,3,1,3
agatadobrzanska_com,1,1,3,1,3,0,4,3,2,1,3,1,4,0,4,0,3,2,4,0,2,1,3,1,4,1,3,2,2,2,3,1,4,2,1,4,0
gawroszka,2,1,3,1,3,1,3,3,3,1,3,3,3,1,3,1,3,1,3,1,3,1,3,1,2,1,1,3,3,1,3,1,1,1,2,1,3
klaudia_muniak,3,3,4,1,3,1,3,3,3,2,2,3,3,1,3,1,3,1,4,1,3,1,1,3,2,3,1,3,3,1,3,1,3,3,2,3,1
krolowa.marysienka,3,1,3,0,3,2,3,3,3,3,2,3,1,3,1,3,3,1,3,1,3,1,1,3,3,2,1,3,3,1,1,3,3,2,3,1,3
pereciaszko,2,0,3,0,2,1,3,3,2,3,3,2,,3,3,1,3,1,3,1,1,3,2,3,3,2,1,3,3,1,3,1,2,2,3,1,3
kamomilpl,3,1,3,1,2,1,3,3,2,3,2,3,1,3,3,1,4,1,4,1,3,1,1,3,3,3,1,3,3,1,3,1,3,3,3,1,3
czytaga,3,3,3,1,2,1,3,3,3,1,2,3,3,1,3,1,3,1,3,1,3,1,2,3,3,3,1,3,3,1,3,1,3,4,3,3,1
kulka7,3,1,3,1,1,1,3,3,2,2,1,2,1,3,1,3,3,1,3,1,3,1,2,3,3,2,1,3,2,1,3,1,3,3,3,1,3
becia73,3,1,4,1,2,1,3,3,3,3,3,3,1,3,3,1,3,1,3,1,3,1,1,3,3,2,1,3,3,1,3,1,3,2,3,1,3
thelittlepuppyrose,3,1,3,0,2,1,3,3,3,3,2,3,3,1,1,3,3,1,3,1,3,1,1,3,3,2,1,3,3,1,3,1,3,2,3,1,3
nowinki.sklepowe,2,1,3,1,3,1,2,3,3,2,3,3,1,3,3,1,3,1,3,1,3,1,3,1,3,3,1,3,3,1,3,1,2,2,3,1,4
moda_na_klasyki,3,1,3,1,1,1,3,3,3,3,2,3,3,1,3,1,3,1,3,1,3,1,3,3,3,3,3,2,3,1,3,1,3,2,3,3,1
kasiawizimirska,3,1,3,1,2,1,3,3,3,3,2,3,1,3,3,1,3,1,3,1,3,1,0,3,3,2,1,3,2,1,3,1,3,2,3,3,1
pastellove_handmade,3,0,3,0,3,1,3,3,3,3,2,3,1,3,1,3,3,1,3,1,1,2,1,3,3,2,1,3,3,1,3,1,2,2,3,1,3
kw_beautybar,3,1,3,1,1,1,3,3,2,2,2,3,3,1,3,1,3,1,3,1,3,1,1,3,3,2,1,2,3,1,3,1,2,2,2,3,1
oftendifferent,3,1,3,1,2,1,3,3,3,1,2,3,3,1,3,1,3,1,3,1,3,1,1,3,3,2,1,3,3,1,3,1,3,3,3,3,1
ela26486,3,1,3,0,2,1,3,3,3,2,2,3,3,1,3,1,3,1,3,1,3,1,1,3,3,2,1,3,2,2,3,1,3,2,2,3,1
kj.graphic,3,3,3,1,3,1,2,3,2,2,3,3,3,1,3,1,3,1,3,1,3,1,3,1,2,3,1,2,3,1,3,1,3,3,2,3,1
kwiaciarnia_cudawianki_lodz,3,1,3,1,3,1,3,3,3,3,3,3,3,1,3,1,3,1,3,1,3,1,2,3,3,2,1,3,3,1,3,1,3,2,3,1,3
_maartiniii,3,1,3,1,3,1,3,3,3,2,2,3,3,1,3,1,3,1,3,1,3,1,2,3,3,2,1,3,3,1,3,1,3,2,3,3,1
twojsuchar,2,1,3,1,1,1,2,3,3,1,2,3,1,3,3,1,3,1,3,1,3,1,2,2,3,2,1,3,3,1,3,1,2,2,,1,3
adventure.never.sleeps,3,3,3,1,3,3,2,3,2,1,2,3,3,1,3,1,3,1,3,1,3,1,3,2,2,3,3,2,3,1,3,1,3,3,2,3,1
mo_niczka1234,3,1,3,1,3,1,3,3,3,1,3,3,3,1,3,1,3,1,3,1,3,1,1,3,3,2,1,3,3,1,3,1,3,3,3,1,3
paulinakorol,3,1,3,1,3,,3,3,3,1,3,3,3,1,3,1,3,1,3,1,3,1,1,3,3,2,1,3,3,1,3,1,3,3,3,3,1
alicja.ogonowska,3,3,3,1,3,1,3,3,3,3,3,3,3,1,3,1,3,1,3,1,3,1,2,3,3,2,1,1,3,1,3,1,3,3,3,1,3
mrs_anna.b,3,1,3,0,2,1,3,3,3,1,3,3,3,1,3,1,3,1,3,1,3,1,1,3,3,2,1,2,3,1,3,1,3,2,2,3,1
art_iwa,2,1,3,0,3,1,3,3,3,1,3,3,1,3,3,1,3,1,3,1,3,1,3,3,3,2,1,3,3,1,3,1,3,2,3,1,3
karolkowe_domowe,3,1,3,1,3,1,3,3,3,2,2,3,1,3,3,1,3,1,3,1,3,1,1,3,3,2,1,3,3,1,3,1,3,3,3,1,3
weseleznatura,3,1,3,1,3,1,3,3,3,1,3,3,3,1,3,1,3,1,3,1,3,1,1,3,3,2,1,2,3,1,3,1,3,3,3,1,3
kasia_feret,3,1,3,1,3,1,3,3,3,3,3,3,1,3,3,1,3,1,3,1,3,1,1,3,3,2,1,3,3,1,3,1,3,2,3,1,3
moonauraart,3,3,3,1,3,2,3,3,3,3,3,3,3,1,3,1,3,1,3,1,3,1,2,3,3,3,2,3,1,3,3,1,3,3,3,1,3
hakerkisukcesu,3,3,3,3,1,2,3,3,1,3,3,3,3,1,3,1,3,1,3,1,3,1,3,1,3,3,2,2,3,1,3,1,3,3,3,3,1
oskyyy_,3,1,3,1,3,1,3,3,2,1,3,3,3,1,3,1,3,1,3,1,3,1,3,1,2,3,3,2,3,1,3,1,3,3,2,3,1
ogarnietytata,3,1,3,1,1,1,3,3,3,3,3,3,1,3,3,1,1,3,3,1,1,3,1,3,3,3,2,3,3,1,3,1,3,2,3,1,3
love_my_home_1989,3,3,3,1,3,1,3,3,3,2,3,3,3,1,3,1,3,1,3,1,3,1,3,3,3,2,1,1,3,1,3,1,3,3,3,3,0
wiecznie_niedoceniana_official,3,3,3,0,3,1,3,3,3,2,2,4,1,3,3,1,3,1,3,1,3,1,1,3,3,2,1,3,3,1,3,1,3,3,3,1,3
ksiazkowa_nutka,3,3,3,1,3,1,3,3,3,1,2,3,3,1,3,1,3,1,3,1,3,1,3,3,3,3,1,2,3,1,3,1,3,3,2,3,1
agatasochaj,3,1,2,1,2,1,3,3,3,3,3,2,1,3,3,1,3,1,2,2,3,1,1,3,3,2,1,3,3,1,3,1,3,2,3,1,3
tak.trzezwy,3,3,1,3,3,3,1,1,4,3,3,3,3,1,4,0,3,3,3,1,3,1,0,3,3,3,3,1,3,1,3,3,3,3,4,1,3
magdalenakopij.miolashcollege,3,3,1,1,1,1,3,1,3,3,3,3,3,1,3,1,3,3,3,1,3,1,1,3,3,3,1,1,3,1,3,3,3,3,3,1,3
_slooneczkooo_,3,3,1,1,3,1,3,3,3,3,3,3,3,1,3,1,1,3,1,3,3,1,1,3,3,1,1,1,3,1,1,3,3,3,1,1,3
przejasnienie,3,1,3,1,3,3,1,0,3,4,3,4,3,1,3,1,3,3,3,3,3,1,1,3,1,3,3,1,3,1,1,3,4,3,3,3,1
miastarytm.pl,3,3,3,1,1,1,1,1,3,3,1,3,3,1,3,1,3,3,1,3,3,1,1,3,3,1,1,1,3,1,1,3,4,3,3,3,1
szklane__oczko,3,3,3,1,1,3,1,1,4,3,3,4,3,1,3,1,3,3,3,1,3,1,1,3,3,3,3,1,3,1,1,3,4,3,4,3,1
gid_in_warsaw,3,3,3,1,3,3,3,1,3,3,3,3,3,1,3,1,4,3,3,1,3,1,1,3,4,3,1,1,3,1,3,3,4,3,3,1,3
bogumila_wosik,3,3,1,1,1,1,3,1,3,3,1,3,3,1,3,1,3,3,3,3,3,1,1,3,3,3,1,1,3,1,1,3,3,3,3,1,3
mon_appetrip,3,3,3,1,3,3,3,3,3,3,3,3,3,1,3,1,4,3,4,3,3,1,1,3,3,3,3,1,3,1,3,3,4,3,4,3,1
how2hr,3,3,1,1,3,3,1,3,3,3,1,3,3,1,3,1,3,3,3,3,3,1,1,3,3,3,3,3,3,1,3,1,3,3,3,3,1
mama_zona___kobieta,3,3,1,0,1,1,3,1,3,3,1,3,3,1,3,1,3,3,3,3,3,1,1,3,3,3,1,1,3,1,3,3,3,3,3,1,3
wnetrza_michala,3,3,1,1,3,1,1,1,3,3,3,4,3,1,3,1,3,3,3,1,3,1,1,3,3,3,1,0,3,1,3,1,3,3,3,1,3
ola.fotobloo,3,3,1,1,1,3,1,1,1,1,3,3,3,1,3,1,3,3,3,3,3,1,1,3,2,1,1,1,3,1,1,3,4,3,3,3,1
ladyzuzanna,3,3,3,1,3,3,3,1,3,3,3,4,3,1,3,1,4,3,3,1,3,1,1,3,3,3,3,1,3,1,1,3,3,3,3,3,1
ewelina_dobosz_autorka,3,3,1,1,1,3,3,3,3,3,4,3,3,1,3,1,3,1,3,1,3,1,3,3,1,3,3,1,3,1,3,1,3,3,3,3,1
czarnyjaguar_pl,3,3,1,1,4,3,3,1,1,3,3,3,3,1,3,1,3,3,3,3,3,1,3,1,1,3,3,1,3,1,1,3,1,4,3,1,3
blondynka.na.zakrecie,3,3,1,1,3,3,4,3,3,1,3,3,3,1,3,1,3,3,3,1,3,1,1,3,3,3,3,1,3,1,3,1,3,3,3,1,3
mateusz.sternal,4,3,4,1,3,4,1,1,4,3,4,3,3,1,3,1,4,4,3,1,3,1,3,1,3,4,3,3,3,1,3,1,3,3,4,1,3
starydomzdrojowy,3,3,3,1,3,3,1,1,3,3,3,3,4,0,3,1,3,3,3,4,3,1,3,1,3,3,1,1,3,1,3,1,3,3,3,1,3
goralka_90_lifestyle,3,3,3,1,3,3,3,1,3,1,3,3,3,1,3,1,3,3,3,3,3,1,1,3,3,3,3,1,3,1,1,3,3,4,3,1,3
maxstrzepka,3,3,3,1,1,3,1,3,3,1,3,3,3,1,3,1,3,3,3,1,3,1,1,4,3,3,3,1,3,1,1,3,3,3,3,1,3
exponerfoto,3,3,3,1,3,3,1,1,3,3,1,3,3,1,3,1,3,3,3,1,3,1,1,3,3,3,1,1,3,1,3,3,3,3,3,3,1
emiskowronek,3,3,3,1,3,3,3,1,3,1,3,3,3,1,3,1,4,3,3,1,3,1,1,4,3,3,3,1,3,1,3,1,3,3,3,1,3
fitsoniek,3,3,1,1,1,1,1,3,4,1,3,3,3,1,3,1,3,3,3,3,3,1,1,3,3,1,1,1,3,1,3,1,3,3,,1,3
pablo_dyszlewicz_opole,3,3,3,1,3,4,1,1,4,1,1,3,3,1,3,1,4,4,3,3,4,0,3,1,1,3,3,3,3,1,3,1,3,3,4,1,3
podmiejski_azyl,3,3,1,1,3,1,1,3,3,3,1,1,3,1,3,1,1,3,1,3,3,1,1,3,3,1,1,1,3,1,3,3,3,3,3,1,3
monika.pawliczek,3,3,1,1,3,3,4,3,3,3,3,3,3,1,3,1,3,3,3,3,3,1,1,3,4,1,1,1,3,1,1,3,3,3,3,1,3
hubertheblarzstolarnia,3,1,1,1,1,1,1,3,3,1,0,1,1,3,3,1,3,3,0,0,3,0,3,1,1,1,1,1,1,1,3,1,1,3,3,3,1
piatypokoj,3,3,3,1,3,4,0,4,3,3,4,3,3,1,3,1,3,4,3,1,3,1,3,3,1,4,3,1,3,1,3,1,3,3,3,3,1
angelika_mit,4,3,3,1,3,3,3,3,3,1,3,3,3,1,3,1,3,3,3,3,4,0,1,3,3,4,3,1,3,1,3,3,3,3,4,1,3
kasia.gw,4,3,1,1,1,1,3,1,3,1,3,3,1,3,3,1,3,3,1,3,3,1,1,3,3,1,1,1,3,1,1,3,3,3,3,1,3
smalltravellers,4,3,4,1,3,4,1,1,3,3,4,3,3,1,3,1,3,3,4,3,3,1,3,3,1,4,3,1,3,1,3,1,3,3,4,1,3
goodiespl,3,3,1,0,1,1,3,3,3,1,1,1,1,1,3,1,1,3,1,1,3,1,1,3,3,1,3,3,3,1,1,1,1,1,1,3,1
price_lessgirl,3,3,1,1,3,3,1,1,3,1,3,1,3,1,3,1,3,3,1,1,3,1,1,3,1,3,1,1,3,1,3,1,1,4,,3,1
healthyizzi,4,3,3,1,3,3,1,3,4,1,4,4,3,1,3,1,3,3,3,3,4,0,1,3,3,4,1,3,3,1,3,1,3,3,4,1,3
zawsze_pod_gore,3,3,1,1,3,1,1,3,4,1,1,3,3,1,3,1,3,3,3,3,3,1,1,3,3,1,1,1,3,1,3,1,4,3,3,1,3
marr_bud,3,1,1,0,1,1,0,0,1,3,3,3,3,1,3,1,1,3,1,3,3,1,3,3,3,3,3,3,3,1,3,3,3,3,3,1,3
podokapnikiem,3,3,1,0,3,1,1,3,3,1,3,3,3,1,3,1,3,3,3,3,3,1,1,3,3,3,1,1,3,1,3,3,3,3,3,1,3
paula.linowska,3,3,1,1,1,3,1,1,3,3,4,4,3,1,3,1,3,4,3,3,3,1,3,3,1,3,3,1,3,1,3,1,3,3,3,1,3
marikaolimpia,3,3,3,1,3,1,3,3,4,1,3,3,3,1,3,1,3,3,3,3,3,1,1,3,3,1,1,1,3,1,1,3,3,3,3,1,3
powolanidoswietosci.pl,3,3,1,1,3,3,3,1,3,1,3,3,3,1,3,1,3,3,3,3,3,1,1,4,4,3,1,1,3,1,3,3,3,3,3,1,3
jan_szumigaj,3,3,1,0,3,3,1,1,3,3,3,3,3,1,3,1,3,3,3,3,3,1,1,3,3,3,1,3,3,1,3,1,3,3,3,3,1
magdalenawolwowicz,3,3,1,1,3,3,3,4,4,1,3,3,3,1,3,1,3,3,3,1,3,1,1,3,4,3,3,1,3,1,3,3,3,3,4,1,3
mjackowiak_nutrition,3,3,1,1,3,4,1,3,3,3,4,3,3,1,3,1,3,3,3,3,3,1,3,3,3,4,3,1,3,1,3,3,3,3,4,1,3
martynainspiruje,3,2,2,0,2,2,2,3,2,2,2,3,2,2,3,1,2,2,3,1,2,1,0,2,3,2,2,2,2,2,1,2,4,2,2,3,1
mama_budowlaniec,,,,,,,,,,,,,,,,,,,,,,,,,,,,,,,,,,,,,
slub.bialy.design,3,3,1,0,3,1,4,1,3,1,3,4,3,1,3,1,3,3,3,1,3,1,1,3,3,3,1,1,3,1,3,1,3,3,3,1,3
anna.ruchala,3,3,1,1,1,1,4,1,3,1,3,3,3,1,3,1,3,3,3,1,3,1,1,3,3,1,1,1,3,1,3,3,3,3,3,3,1
dominikagaikweddings,3,3,1,1,3,1,4,1,3,1,3,4,3,1,3,1,3,3,3,1,3,1,1,3,3,3,1,1,3,1,3,1,3,3,3,1,3
skoorki,3,3,1,0,1,1,1,1,3,1,3,4,3,1,3,1,3,3,3,3,3,1,1,3,1,1,1,1,3,1,3,1,4,3,3,1,3
bozenka.passiflora,3,3,1,1,3,1,3,1,3,1,3,3,3,1,3,1,3,3,3,3,3,1,1,3,4,3,1,1,3,1,3,1,3,4,3,1,3
drdietka,3,3,1,1,3,3,1,1,3,3,3,3,3,1,3,1,3,3,3,1,3,1,1,3,3,3,1,3,3,1,1,3,3,3,4,1,3
macieksiegotuje,3,3,1,1,3,1,1,1,3,1,3,3,3,1,3,1,3,3,3,3,3,1,1,3,3,3,1,1,3,1,3,1,3,3,3,1,3
breathofindustry,3,3,3,1,3,3,0,1,1,3,3,4,3,1,3,1,3,3,3,1,3,1,1,3,1,3,3,1,3,1,1,1,4,3,1,3,1
antidote.joannamichalska,3,3,1,1,1,3,3,1,3,3,3,3,3,1,3,1,3,4,3,3,3,1,3,3,3,4,3,1,3,1,3,1,3,3,3,1,3
sweetspoonka,,,,,,,,,,,,,,,,,,,,,,,,,,,,,,,,,,,,,
mumandthecity_pl,3,3,1,1,1,1,3,1,3,1,3,3,3,1,3,1,3,3,3,1,3,1,3,3,3,1,3,1,3,1,3,1,3,3,3,3,1
agere_contra_,3,3,1,1,3,1,1,3,3,1,3,3,3,1,3,1,3,3,3,1,3,1,1,3,3,3,1,1,3,1,3,3,3,3,3,1,3
kurarysuje,3,3,1,1,1,1,1,3,3,1,3,3,3,1,3,1,3,3,3,1,3,1,1,3,3,3,1,1,3,1,1,3,4,3,3,3,1
potasik,3,3,1,1,3,3,1,3,3,3,3,3,3,1,3,1,3,3,3,3,3,1,1,3,3,4,1,3,3,1,1,3,3,3,3,1,3
marcepanowa_,3,3,1,0,3,1,1,3,4,1,3,3,3,1,3,1,3,3,3,3,3,1,1,3,3,3,1,1,3,1,1,3,3,3,3,1,3
book_z_wami,3,1,1,1,1,1,1,1,3,3,3,3,3,1,3,1,3,3,3,3,3,1,1,3,3,3,3,1,3,1,3,1,3,4,3,3,1
daria.k.l.j,3,3,1,1,3,1,3,3,3,1,1,3,3,1,3,1,3,3,3,3,3,1,1,3,4,3,1,1,3,1,1,3,3,3,3,1,3
mydreamhouse_renklody,3,3,1,1,1,1,1,1,3,1,3,3,3,1,3,1,1,3,3,3,3,1,1,3,3,3,1,3,3,1,1,3,3,3,3,3,1
memdup,3,1,1,0,1,1,1,4,3,1,1,4,3,1,3,1,1,3,3,1,3,1,1,3,1,1,1,1,3,1,1,3,3,3,1,3,1
paulinapaulala,3,3,1,1,1,1,3,1,3,1,3,3,3,1,3,1,3,3,1,1,3,1,1,3,3,3,1,1,3,1,1,3,3,3,3,3,1
littlemniej,3,3,1,1,3,3,1,1,3,3,3,3,3,1,3,1,3,3,3,3,3,1,3,1,1,3,3,3,3,1,1,3,3,3,3,1,3
kierunkowy44,3,1,3,1,1,1,1,1,1,3,3,3,3,1,3,1,3,4,3,4,3,1,3,1,1,3,3,1,3,1,1,3,3,3,3,3,1
galeony_basni,3,3,1,1,3,1,1,1,3,3,3,3,3,1,3,1,3,3,3,3,3,3,1,3,3,3,3,1,3,1,3,3,3,3,3,1,3
drugie_zycie_w_ksiazkach,3,3,1,1,1,1,1,1,3,3,3,3,3,1,3,1,3,3,3,3,3,1,3,3,1,3,3,1,3,1,1,3,3,3,3,3,1
hannamariarita,3,3,1,1,1,1,1,3,3,3,1,3,3,1,3,1,3,3,3,3,3,1,1,3,1,3,1,1,3,1,1,3,3,3,3,1,3
hannamariarita,3,3,1,1,1,1,1,3,3,3,1,3,3,1,3,1,3,3,3,3,3,1,1,3,1,3,1,1,3,1,1,3,3,3,3,1,3
m.d.photograph,3,3,3,1,1,1,1,1,3,1,3,3,3,1,3,1,3,3,3,1,3,1,1,1,1,3,3,1,3,1,1,3,3,3,3,3,1
dajzsiebie101procent,3,3,1,1,1,3,1,1,3,4,4,3,3,1,3,1,3,3,3,1,3,1,1,3,3,3,3,1,3,1,1,3,3,3,4,1,3
tomasz_ossolinski,3,3,1,1,3,3,1,1,3,3,3,4,3,1,3,1,3,3,4,1,3,1,1,3,1,3,3,1,3,1,4,3,4,3,3,3,1
atka_i_juz,3,1,1,1,1,1,1,1,3,3,1,3,3,1,3,1,1,3,3,3,3,1,1,3,3,3,1,1,3,1,1,3,3,4,3,3,1
krajobraz_naturalnie,3,3,2,2,2,0,0,0,4,4,0,1,2,2,2,2,3,4,2,2,3,1,1,3,2,3,2,2,2,2,2,3,2,2,2,2,2
lubimyczytac.pl,3,3,1,1,1,1,1,1,3,1,3,3,3,1,3,1,3,3,3,3,3,1,1,3,3,1,1,1,3,1,3,3,3,4,3,1,3
juliapelplinska,3,3,3,1,3,1,3,1,3,3,3,3,3,1,3,1,3,3,3,1,3,1,1,3,1,3,1,1,3,1,1,3,3,3,4,3,1
braselrobert,3,1,3,1,3,1,1,1,3,1,1,4,3,1,3,1,3,3,3,3,3,1,1,4,3,1,1,1,3,1,1,3,3,3,3,3,1
ekowymiar,4,3,1,1,3,3,1,1,3,3,4,4,3,1,4,0,4,3,4,1,3,1,1,3,3,3,1,3,3,1,4,3,3,3,3,1,3
dominikabodenko,3,3,3,1,1,1,3,1,3,1,3,4,3,1,3,1,3,3,3,3,3,1,1,3,3,3,1,1,3,1,3,1,3,3,3,1,3
doucesouffrance,3,3,1,1,1,1,3,1,3,1,3,4,3,1,3,1,3,3,3,1,3,1,1,4,3,1,1,1,3,1,1,3,3,3,3,3,1
chomik656,,,,,,,,,,,,,,,,,,,,,,,,,,,,,,,,,,,,,
doskonale_nie_idealnie,3,3,3,1,3,1,1,3,3,1,3,3,3,1,3,1,3,3,3,1,3,1,1,3,3,1,1,1,3,1,3,1,3,4,3,1,3
chempresso,4,3,3,1,1,1,1,1,3,3,4,3,3,1,3,1,3,4,3,3,3,1,1,3,1,3,1,1,3,1,1,1,3,4,3,1,3
kurz.ceramika,3,3,1,1,1,1,1,1,3,1,3,4,3,1,3,1,3,3,1,1,3,1,1,3,3,1,1,1,3,1,4,1,3,3,4,1,3
dietetyka_w_wersji_smart,,,,,,,,,,,,,,,,,,,,,,,,,,,,,,,,,,,,,
smartblonde.travel,3,3,4,1,3,1,1,1,3,3,4,3,3,1,3,1,4,3,4,1,3,1,1,3,3,3,3,1,3,1,3,1,3,3,4,1,3
mumandthecity_pl,3,3,1,1,3,1,3,1,3,3,3,3,3,1,3,1,3,3,3,3,3,1,3,3,1,3,3,1,3,1,1,3,3,3,3,3,1
pani_lampe,3,3,1,1,3,1,3,3,3,1,3,3,3,1,3,1,3,3,1,1,3,1,1,3,3,1,1,1,3,1,1,3,3,3,3,1,3
nasz_dom_nela,4,3,1,0,1,1,1,3,3,1,1,4,3,1,3,1,3,3,1,1,3,1,1,3,3,3,1,1,3,1,3,3,3,3,1,1,3
monikagackowska.dietetyk,3,3,1,1,1,1,3,3,3,1,3,3,3,1,3,1,1,3,3,3,3,1,1,3,3,3,1,1,3,1,1,3,3,3,3,3,1
karolina_makeup,3,1,1,0,1,1,1,1,3,3,3,3,3,1,3,1,3,3,3,1,3,1,1,3,1,1,1,1,3,1,3,1,3,1,1,3,1
kasia.woclaw,,,,,,,,,,,,,,,,,,,,,,,,,,,,,,,,,,,,,
pomyslynaanimacje,3,3,1,1,1,3,1,1,1,3,3,3,3,1,3,1,3,3,1,3,3,1,1,1,1,3,1,3,3,1,1,3,3,3,3,3,1
angielskizpatrykiem,3,3,4,1,3,3,1,1,1,1,3,3,3,1,3,1,4,3,3,1,3,1,1,3,3,3,1,1,3,1,1,3,3,3,3,3,1
msmonella,3,3,1,1,1,1,1,1,3,1,3,4,3,1,3,1,4,3,1,1,3,1,1,3,1,3,1,1,3,1,3,3,3,3,3,1,3
zielone_koktajle,3,1,1,1,1,1,1,1,3,3,3,3,3,1,3,1,3,3,3,3,3,1,3,1,1,3,1,1,3,1,3,1,3,3,3,3,1
pawel_gajos_gaj,3,3,4,1,1,1,1,1,3,1,3,4,3,1,3,1,3,3,4,1,3,1,1,3,3,3,1,1,3,1,1,1,3,3,3,3,1
aneta.plutaa,3,1,1,1,1,1,3,1,3,1,3,3,3,1,3,1,1,3,1,3,3,1,1,3,3,1,1,1,3,1,1,3,3,3,3,1,3
czarnaewcia,3,3,3,1,1,1,3,3,3,1,3,3,3,1,3,1,3,3,3,3,3,1,1,3,3,1,1,1,3,1,1,3,3,3,3,1,3
dietetyczne_dania,,,,,,,,,,,,,,,,,,,,,,,,,,,,,,,,,,,,,
_diannella_98_,3,1,1,1,1,1,3,1,1,1,1,3,3,1,3,1,1,3,1,3,3,1,1,3,1,1,1,1,3,1,1,3,3,1,1,3,1
mamologia,3,3,1,1,1,1,1,1,3,3,3,3,3,1,3,1,3,3,3,3,3,1,1,3,1,3,1,1,3,1,1,3,3,3,1,1,3
instamiasto,3,3,1,1,1,1,1,1,3,3,3,3,3,1,3,1,3,3,1,3,3,1,1,3,1,3,1,1,3,1,1,1,3,3,1,3,1
pani_tester,3,3,1,1,3,1,1,1,3,3,4,3,3,1,3,1,3,3,3,1,3,1,1,1,3,3,1,3,3,1,4,3,3,3,3,1,3
slawachm,3,3,3,1,1,1,1,1,3,1,1,3,3,1,3,1,3,3,1,3,3,1,1,3,1,1,1,1,3,1,1,3,3,3,3,3,1
_agnieszka_leszczynska,3,3,1,0,3,1,3,1,4,1,3,3,3,1,3,1,3,3,1,1,3,1,1,3,3,1,1,1,3,1,1,3,3,3,3,1,3
mateusz.chodacz,3,4,1,0,3,3,1,1,3,3,4,3,3,1,3,1,4,3,4,1,3,1,1,3,3,4,1,1,3,1,1,3,3,4,4,1,3
lubimyczytac.pl,3,3,1,0,1,1,1,1,3,1,1,3,3,1,3,1,1,3,3,3,3,1,1,3,3,1,1,1,3,1,1,3,3,4,3,1,3
paula.myk,3,3,1,1,1,1,3,3,3,1,3,3,3,1,3,1,3,3,1,3,3,1,1,4,3,1,1,1,3,1,1,3,3,3,1,3,1
akwarela_,3,1,1,1,1,1,1,1,3,3,3,3,3,1,3,1,3,3,3,3,3,1,1,3,1,3,1,1,3,1,1,3,3,4,3,1,3
sandra.d.law,3,1,1,1,1,3,1,1,3,3,3,3,4,0,3,1,3,3,3,3,3,1,1,1,1,3,3,1,3,1,1,3,3,3,1,1,3
paulinakorol,3,3,1,1,1,1,1,1,3,3,4,3,3,1,3,1,3,3,3,1,3,1,3,3,1,3,3,1,3,1,1,3,3,3,3,1,3
szalenstwamamy,3,3,1,1,1,1,1,3,3,1,3,3,3,1,3,1,3,3,1,3,3,1,1,3,3,1,1,1,3,1,1,3,3,3,3,1,3
krzysztof.domaradzki,3,3,1,0,1,1,1,1,1,3,3,4,3,1,3,1,4,3,4,3,3,1,1,3,1,3,1,1,3,1,3,3,3,4,3,3,1
adriannaswim,3,3,3,1,3,1,1,3,3,1,3,3,3,1,3,1,1,3,3,1,3,1,1,3,3,3,3,1,3,1,1,3,3,3,3,1,3
belhom.pl,3,3,1,1,1,1,1,1,3,1,1,3,3,1,3,1,3,3,3,1,3,1,1,3,1,1,1,1,3,1,3,3,3,3,1,1,3
arochowczyk,3,1,1,1,1,1,3,1,3,3,1,3,3,1,3,1,1,1,1,3,3,1,1,3,3,1,1,1,3,1,1,3,3,3,3,3,1
bookmoliczka,,,,,,,,,,,,,,,,,,,,,,,,,,,,,,,,,,,,,
annagluchowskacoach,,,,,,,,,,,,,,,,,,,,,,,,,,,,,,,,,,,,,
wiecejnizedukacja.pl,3,1,1,1,1,1,3,1,3,1,3,3,3,1,3,1,3,3,3,3,3,1,1,3,3,1,1,3,3,1,1,3,3,3,3,1,3
agatadobrzanska_com,,,,,,,,,,,,,,,,,,,,,,,,,,,,,,,,,,,,,
doskonale_nie_idealnie,3,3,3,1,1,1,1,3,3,1,3,3,3,1,3,1,3,3,3,3,3,1,1,3,3,1,1,1,3,1,1,3,3,3,3,1,3
chemiczna_malina,3,3,3,1,1,1,3,1,3,3,3,3,4,0,4,0,3,3,1,1,3,1,1,3,1,3,3,1,3,1,1,3,3,3,3,3,1
imielscy_w_podrozy,3,3,3,3,1,3,1,1,3,1,3,3,3,1,3,1,3,3,4,1,3,1,1,3,1,3,1,3,3,1,1,3,3,3,3,1,3
ksiazki_aktywneczytanie,3,1,1,1,1,1,1,1,3,1,1,3,3,1,3,1,1,3,3,3,3,1,1,3,1,1,1,1,3,1,3,3,3,3,3,1,3
mariajagielska,3,3,3,1,1,1,1,1,3,3,3,3,3,1,3,1,3,3,1,1,3,1,3,3,1,3,3,1,3,1,1,3,3,3,3,3,1
sggw_wobiak,3,1,1,1,1,1,1,1,3,1,1,3,3,1,3,1,1,3,3,3,3,1,1,3,1,1,1,1,3,1,1,3,3,3,3,1,3
happy_plants_pl,3,3,1,1,3,1,1,3,3,3,3,3,3,1,3,1,1,3,3,1,3,1,1,3,1,3,1,3,3,1,1,3,3,3,3,1,3
julka_barczyk,3,1,1,1,1,1,1,1,3,1,3,1,3,1,3,1,1,1,1,1,3,1,1,3,3,1,1,1,3,1,1,3,3,3,1,3,1
michalowska2,3,3,1,1,1,1,1,3,3,3,3,3,3,1,3,1,1,3,3,3,3,1,1,3,1,3,3,3,3,1,1,1,3,3,3,1,3
farmaceutycznym_okiem,3,3,1,1,3,1,1,3,3,1,3,3,3,1,3,1,3,3,3,1,3,1,1,3,3,3,1,1,3,1,1,3,3,3,3,3,1
caroczyta,3,3,1,0,3,1,1,1,3,1,3,3,3,1,3,1,3,1,3,3,3,1,1,3,3,1,1,1,3,1,1,3,3,4,3,1,3
zosiapodroze,3,1,4,1,1,1,1,1,3,1,3,3,3,1,3,1,3,3,3,3,3,1,1,3,1,3,3,1,3,1,1,3,3,3,4,3,1
joanna_budzko,3,1,1,1,1,3,1,1,3,3,3,1,3,1,3,1,3,1,1,1,3,1,3,1,3,3,1,3,3,1,1,1,3,3,3,3,1
tomaszwolny_tej,3,3,3,1,3,3,1,1,3,1,3,3,3,1,3,1,3,3,3,1,3,1,1,3,4,3,3,4,3,1,1,3,3,4,4,1,3
piorunujaco,3,1,3,1,1,1,1,1,3,1,3,3,3,1,3,1,3,3,4,3,3,1,1,3,1,3,3,1,3,1,1,3,4,3,3,3,1
wolnybiznes,,,,,,,,,,,,,,,,,,,,,,,,,,,,,,,,,,,,,
dietetyczka.nati,3,3,1,1,3,3,1,1,3,3,3,3,3,1,3,1,3,3,3,3,3,1,1,1,3,3,1,3,3,1,1,3,3,3,3,1,3
aleksandra_ostapczuk_official,3,3,1,1,1,1,1,1,1,3,3,3,3,1,3,1,3,3,3,1,3,1,1,3,1,3,3,1,3,1,1,1,3,3,3,3,1
wspolnieprzezswiat,3,3,3,1,3,3,3,1,3,1,3,3,3,1,3,1,3,3,4,0,3,1,1,3,3,3,1,3,3,1,1,1,3,3,3,1,3
idziemydoprzodu,4,3,1,1,1,1,1,1,3,1,3,3,3,1,3,1,3,3,1,1,3,1,1,3,3,3,1,1,3,1,1,3,3,3,3,3,1
maria.lessplease,,,,,,,,,,,,,,,,,,,,,,,,,,,,,,,,,,,,,
pablo_dyszlewicz_opole,3,3,1,1,1,3,1,1,3,3,3,3,3,1,3,1,3,3,1,1,3,1,3,3,1,3,3,1,3,1,1,3,3,3,3,3,1
sibafotka,3,3,1,1,3,1,1,1,3,1,1,3,3,1,3,1,3,3,3,3,3,1,1,3,3,1,1,1,3,1,1,3,3,4,4,1,3
wydawnictwoznakpl,3,1,1,1,1,1,1,1,3,3,3,1,3,1,3,1,1,3,3,3,3,1,1,3,3,3,1,1,3,1,1,3,3,4,3,1,3
mona.homedecor,3,3,1,1,1,1,1,3,3,1,3,4,3,1,3,1,3,3,3,1,3,1,1,3,3,3,1,1,3,1,3,1,3,3,4,1,3
filo_loszka,3,3,1,1,1,1,3,3,4,3,3,3,3,1,3,1,1,3,3,3,3,1,1,3,1,3,3,1,3,1,1,3,3,3,3,1,3
matigoc,3,3,3,1,3,1,1,1,1,1,3,4,3,1,3,1,3,3,3,1,3,1,1,3,3,3,1,1,3,1,1,1,4,3,3,1,3
kosmetykoholiczkapl,4,3,1,0,3,1,1,1,3,1,3,3,3,1,3,1,3,3,1,1,3,1,1,3,3,3,1,1,3,1,3,1,3,3,3,1,3
dietetykaprostozserca,,,,,,,,,,,,,,,,,,,,,,,,,,,,,,,,,,,,,
teokarma,,,,,,,,,,,,,,,,,,,,,,,,,,,,,,,,,,,,,
justitia33,,,,,,,,,,,,,,,,,,,,,,,,,,,,,,,,,,,,,
kamila.polkowska,4,3,1,1,1,3,1,1,3,3,3,3,3,1,3,1,3,3,3,1,3,1,1,3,3,4,3,1,3,1,1,3,3,3,3,1,3
nalogowyksiazkoholik,3,3,1,1,3,1,1,1,3,1,3,3,3,1,3,1,3,3,3,1,3,1,1,3,1,3,3,1,3,1,1,1,3,4,3,1,3
karolinadruzba,3,4,1,1,3,3,1,1,3,1,3,4,3,1,3,1,3,3,3,1,3,1,1,3,3,3,3,1,3,1,1,1,3,3,3,1,3
n_anua,3,3,1,0,3,1,1,1,3,1,1,3,3,1,3,1,3,3,1,3,3,1,1,3,3,1,1,1,3,1,1,3,3,3,3,3,1
krasnewianki,3,1,1,1,3,1,1,1,3,1,3,3,3,1,3,1,3,3,3,1,3,1,1,3,3,1,1,1,3,1,3,1,3,3,3,3,1
trzpiotkajewellery,3,3,1,0,1,3,1,1,3,3,3,4,3,1,3,1,3,3,1,1,3,1,1,3,3,3,3,1,3,1,3,1,3,3,3,1,3
hola.homes,3,3,1,0,3,3,1,1,3,1,3,4,3,1,3,1,3,3,1,3,3,1,1,3,3,1,1,1,3,1,1,3,3,3,3,1,3
slubnypatent,3,1,1,1,1,1,3,1,1,1,1,1,3,1,3,1,3,1,1,1,3,1,1,3,1,1,1,1,3,1,1,3,3,3,1,3,1
kwiatowe_historie_,3,1,1,1,3,1,1,1,3,1,3,4,3,1,3,1,3,3,1,3,3,1,1,3,3,1,1,1,3,1,3,1,3,3,3,1,3
galeria.heban,3,1,1,1,1,3,1,1,1,3,3,4,3,1,3,1,4,3,3,0,3,1,1,3,1,3,3,1,3,1,3,1,4,3,3,3,1
evegadomska,3,3,1,3,1,3,1,1,1,3,3,1,3,1,3,1,3,3,1,1,3,1,3,3,1,3,3,1,3,1,1,3,3,3,3,1,3
flovi_pracownia_florystyczna,4,3,1,1,3,1,3,1,3,1,3,4,3,1,3,1,3,3,1,1,3,1,1,3,3,1,1,1,3,1,1,3,3,3,3,1,3
mojawyspa.co.uk,4,4,1,0,1,1,1,3,3,1,3,3,3,1,3,1,3,3,3,1,3,1,1,3,1,3,1,1,3,1,1,3,3,3,3,1,3
panikomoda,3,3,1,1,1,1,3,1,3,1,3,3,3,1,3,1,3,3,1,3,3,1,1,3,3,3,1,3,3,1,1,3,3,3,3,1,3
modnerozmowy,3,1,3,1,1,1,1,1,1,3,3,1,3,1,3,1,3,3,1,1,3,1,3,3,1,3,1,1,3,1,1,3,3,3,3,3,1
klaudia.tokarska,3,3,1,1,1,1,3,1,1,1,3,1,3,1,3,1,3,3,3,1,3,1,1,3,3,1,1,1,3,1,1,3,3,3,3,3,1
magda1266,3,3,3,1,3,1,1,1,3,1,3,3,3,1,3,1,3,3,3,1,3,1,1,3,3,3,3,1,3,1,1,3,3,3,3,1,3
weronikaulinska,3,3,3,1,3,3,1,1,3,1,3,3,3,1,3,1,3,3,4,3,3,1,1,3,1,3,3,1,3,1,1,3,3,3,3,1,3
perfekcyjnawdomu,3,3,1,0,1,1,1,1,3,1,3,1,1,3,3,1,3,3,1,3,3,1,1,3,3,1,1,1,3,1,1,3,3,3,3,1,3
projekt_ogrod,3,3,1,1,1,1,1,1,3,1,3,1,3,1,3,1,1,3,3,3,3,1,1,3,3,1,1,1,3,1,3,3,3,3,3,1,3
mateusz.paliwoda,3,3,1,1,1,1,1,3,3,1,3,1,3,1,3,1,1,3,1,1,3,1,1,3,3,3,3,1,3,1,1,3,3,3,4,3,1
mama_gab_rysia_i_marcelki,3,3,1,1,1,1,3,1,3,1,3,3,3,1,3,1,3,3,1,1,3,1,1,3,3,1,1,3,3,1,1,3,3,3,3,3,1
kasper.mackowiak,3,4,1,1,1,3,1,1,3,3,3,3,3,1,3,1,3,3,3,1,3,1,1,3,3,3,3,3,3,1,1,3,3,3,3,1,3
super_mama_razy_trzy,3,3,1,1,1,1,3,1,3,1,3,3,3,1,3,1,3,3,1,1,3,1,1,3,1,3,1,3,3,1,1,3,3,3,3,1,3
razemwgorach,4,3,3,1,1,3,1,1,3,3,3,3,,1,3,1,3,3,3,3,3,1,1,3,3,3,3,1,3,1,1,3,3,3,4,1,3
mikzzitilove,3,1,3,1,1,3,1,1,1,3,3,1,3,1,3,1,1,3,3,1,3,1,3,3,1,3,3,1,3,1,1,3,3,3,3,3,1
luxuryflowers.pl,3,1,1,1,3,1,1,1,3,3,1,3,3,1,3,1,3,3,1,1,3,1,1,3,3,3,1,1,3,1,3,1,3,3,3,1,3
justynabolek.official,3,4,1,1,1,1,1,1,3,3,3,3,3,1,3,1,3,3,1,1,3,1,1,3,3,3,3,1,3,1,1,3,3,3,4,1,3
matkatylkojedna,3,3,1,0,1,3,1,3,3,3,3,1,3,1,3,1,3,3,1,1,3,1,1,3,3,3,1,3,3,1,1,1,3,3,3,3,1
eko.paulinagorska,3,3,1,3,1,3,1,1,3,3,3,1,3,1,3,1,3,3,3,1,3,1,3,1,1,3,3,3,3,1,1,1,3,3,3,1,3
dopasowanii,3,3,3,1,3,1,3,1,3,1,3,1,3,1,3,1,3,3,1,1,3,1,1,3,3,3,1,1,3,1,1,3,3,3,3,1,3
daria_siatkowska,,,,,,,,,,,,,,,,,,,,,,,,,,,,,,,,,,,,,
martawsrodksiazek,3,1,1,1,1,1,1,1,3,1,1,3,3,1,3,1,3,3,3,3,3,1,1,3,3,1,1,1,3,1,1,3,3,3,3,3,1
ula_czyta,3,4,1,0,1,1,1,1,3,3,3,3,3,1,3,1,1,3,3,1,3,1,1,3,1,3,1,1,3,1,1,3,3,3,3,3,1
doucesouffrance,3,1,1,1,1,1,3,1,3,1,1,1,3,1,3,1,3,3,1,1,3,1,1,3,3,1,1,3,3,1,1,3,3,3,3,1,3
wszystkopomojemu,,,,,,,,,,,,,,,,,,,,,,,,,,,,,,,,,,,,,
martyna_tomon,3,3,1,1,1,3,1,1,3,3,3,3,3,1,3,1,3,3,3,3,3,1,1,3,1,3,3,1,3,1,1,3,3,3,3,1,3
nienajedzona_ona,4,3,1,1,3,1,1,3,3,1,3,3,3,1,3,1,3,3,3,1,3,1,1,3,3,1,1,1,3,1,1,3,3,3,3,1,3
michu_mich_mnich,3,1,3,1,1,1,1,1,1,1,3,3,3,1,3,1,3,3,3,1,3,1,1,1,1,3,3,1,3,1,1,3,3,3,3,3,1
sinezka,3,3,1,1,1,1,3,1,3,1,3,3,3,1,3,1,3,3,1,1,3,1,1,3,3,3,1,1,3,1,1,3,3,3,3,1,3
montessori_w_praktyce,3,3,1,0,3,1,1,1,3,1,3,4,3,1,3,1,3,3,3,1,3,1,1,3,3,1,1,3,3,1,1,3,3,3,3,1,3
p.dereszewski,,,,,,,,,,,,,,,,,,,,,,,,,,,,,,,,,,,,,
